Row no	Order Date	State	Product ID	Category	Product Name	Sales
1	08.11.2023	Kentucky	FUR-BO-10001798	Furniture	Bush Somerset Collection Bookcase	261,96
2	08.11.2023	Kentucky	FUR-CH-10000454	Furniture	Hon Deluxe Fabric Upholstered Stacking Chairs, Rounded Back	731,94
3	12.06.2023	California	OFF-LA-10000240	Office Supplies	Self-Adhesive Address Labels for Typewriters by Universal	14,62
4	11.10.2022	Florida	FUR-TA-10000577	Furniture	Bretford CR4500 Series Slim Rectangular Table	957,58
5	11.10.2022	Florida	OFF-ST-10000760	Office Supplies	Eldon Fold 'N Roll Cart System	22,37
6	09.06.2021	California	FUR-FU-10001487	Furniture	Eldon Expressions Wood and Plastic Desk Accessories, Cherry Wood	48,86
7	09.06.2021	California	OFF-AR-10002833	Office Supplies	Newell 322	7,28
8	09.06.2021	California	TEC-PH-10002275	Technology	Mitel 5320 IP Phone VoIP phone	907,15
9	09.06.2021	California	OFF-BI-10003910	Office Supplies	DXL Angle-View Binders with Locking Rings by Samsill	18,50
10	09.06.2021	California	OFF-AP-10002892	Office Supplies	Belkin F5C206VTEL 6 Outlet Surge	114,90
11	09.06.2021	California	FUR-TA-10001539	Furniture	Chromcraft Rectangular Conference Tables	1706,18
12	09.06.2021	California	TEC-PH-10002033	Technology	Konftel 250 Conference phone - Charcoal black	911,42
13	15.02.2024	North Carolina	OFF-PA-10002365	Office Supplies	Xerox 1967	15,55
14	05.12.2023	Washington	OFF-BI-10003656	Office Supplies	Fellowes PB200 Plastic Comb Binding Machine	407,98
15	22.11.2022	Texas	OFF-AP-10002311	Office Supplies	Holmes Replacement Filter for HEPA Air Cleaner, Very Large Room, HEPA Filter	68,81
16	22.11.2022	Texas	OFF-BI-10000756	Office Supplies	Storex DuraTech Recycled Plastic Frosted Binders	2,54
17	11.11.2021	Wisconsin	OFF-ST-10004186	Office Supplies	"Stur-D-Stor Shelving, Vertical 5-Shelf: 72""H x 36""W x 18 1/2""D"	665,88
18	13.05.2021	Utah	OFF-ST-10000107	Office Supplies	Fellowes Super Stor/Drawer	55,50
19	27.08.2021	California	OFF-AR-10003056	Office Supplies	Newell 341	8,56
20	27.08.2021	California	TEC-PH-10001949	Technology	Cisco SPA 501G IP Phone	213,48
21	27.08.2021	California	OFF-BI-10002215	Office Supplies	"Wilson Jones Hanging View Binder, White, 1"""	22,72
22	09.12.2023	Nebraska	OFF-AR-10000246	Office Supplies	Newell 318	19,46
23	09.12.2023	Nebraska	OFF-AP-10001492	Office Supplies	Acco Six-Outlet Power Strip, 4' Cord Length	60,34
24	16.02.2024	Pennsylvania	FUR-CH-10002774	Furniture	Global Deluxe Stacking Chair, Gray	71,37
25	25.09.2022	Utah	FUR-TA-10000577	Furniture	Bretford CR4500 Series Slim Rectangular Table	1044,63
26	16.01.2023	California	OFF-BI-10001634	Office Supplies	Wilson Jones Active Use Binders	11,65
27	16.01.2023	California	TEC-AC-10003027	Technology	Imation 8GB Mini TravelDrive USB 2.0 Flash Drive	90,57
28	17.09.2022	Pennsylvania	FUR-BO-10004834	Furniture	Riverside Palais Royal Lawyers Bookcase, Royale Cherry Finish	3083,43
29	17.09.2022	Pennsylvania	OFF-BI-10000474	Office Supplies	Avery Recycled Flexi-View Covers for Binding Systems	9,62
30	17.09.2022	Pennsylvania	FUR-FU-10004848	Furniture	"Howard Miller 13-3/4"" Diameter Brushed Chrome Round Wall Clock"	124,20
31	17.09.2022	Pennsylvania	OFF-EN-10001509	Office Supplies	Poly String Tie Envelopes	3,26
32	17.09.2022	Pennsylvania	OFF-AR-10004042	Office Supplies	BOSTON Model 1800 Electric Pencil Sharpeners, Putty/Woodgrain	86,30
33	17.09.2022	Pennsylvania	OFF-BI-10001525	Office Supplies	"Acco Pressboard Covers with Storage Hooks, 14 7/8"" x 11"", Executive Red"	6,86
34	17.09.2022	Pennsylvania	OFF-AR-10001683	Office Supplies	Lumber Crayons	15,76
35	19.01.2024	Texas	OFF-PA-10000249	Office Supplies	Easy-staple paper	29,47
36	08.12.2023	Texas	TEC-PH-10004977	Technology	GE 30524EE4	1097,54
37	08.12.2023	Texas	FUR-FU-10003664	Furniture	Electrix Architect's Clamp-On Swing Arm Lamp, Black	190,92
38	27.12.2022	Texas	OFF-EN-10002986	Office Supplies	"#10-4 1/8"" x 9 1/2"" Premium Diagonal Seam Envelopes"	113,33
39	27.12.2022	Texas	FUR-BO-10002545	Furniture	Atlantic Metals Mobile 3-Shelf Bookcases, Custom Colors	532,40
40	27.12.2022	Texas	FUR-CH-10004218	Furniture	Global Fabric Manager's Chair, Dark Gray	212,06
41	27.12.2022	Texas	TEC-PH-10000486	Technology	Plantronics HL10 Handset Lifter	371,17
42	10.01.2024	Illinois	TEC-PH-10004093	Technology	Panasonic Kx-TS550	147,17
43	17.07.2023	California	OFF-ST-10003479	Office Supplies	Eldon Base for stackable storage shelf, platinum	77,88
44	19.01.2024	Florida	OFF-ST-10003282	Office Supplies	Advantus 10-Drawer Portable Organizer, Chrome Metal Frame, Smoke Drawers	95,62
45	11.03.2023	Minnesota	TEC-AC-10000171	Technology	Verbatim 25 GB 6x Blu-ray Single Layer Recordable Disc, 25/Pack	45,98
46	11.03.2023	Minnesota	OFF-BI-10003291	Office Supplies	Wilson Jones Leather-Like Binders with DublLock Round Rings	17,46
47	20.10.2021	Michigan	OFF-ST-10001713	Office Supplies	Gould Plastics 9-Pocket Panel Bin, 18-3/8w x 5-1/4d x 20-1/2h, Black	211,96
48	20.06.2023	Delaware	TEC-AC-10002167	Technology	Imation 8gb Micro Traveldrive Usb 2.0 Flash Drive	45,00
49	20.06.2023	Delaware	TEC-PH-10003988	Technology	LF Elite 3D Dazzle Designer Hard Case Cover, Lf Stylus Pen and Wiper For Apple Iphone 5c Mini Lite	21,80
50	18.04.2022	Indiana	OFF-BI-10004410	Office Supplies	C-Line Peel & Stick Add-On Filing Pockets, 8-3/4 x 5-1/8, 10/Pack	38,22
51	18.04.2022	Indiana	OFF-LA-10002762	Office Supplies	Avery 485	75,18
52	18.04.2022	Indiana	FUR-FU-10001706	Furniture	Longer-Life Soft White Bulbs	6,16
53	18.04.2022	Indiana	FUR-CH-10003061	Furniture	Global Leather Task Chair, Black	89,99
54	11.12.2023	New York	OFF-FA-10000304	Office Supplies	Advantus Push Pins	15,26
55	11.12.2023	New York	TEC-PH-10002447	Technology	AT&T CL83451 4-Handset Telephone	1029,95
56	17.06.2023	New York	OFF-ST-10000604	Office Supplies	Home/Office Personal File Carts	208,56
57	17.06.2023	New York	OFF-PA-10001569	Office Supplies	Xerox 232	32,40
58	17.06.2023	New York	FUR-CH-10003968	Furniture	Novimex Turbo Task Chair	319,41
59	17.06.2023	New York	OFF-PA-10000587	Office Supplies	Array Parchment Paper, Assorted Colors	14,56
60	17.06.2023	New York	TEC-AC-10002167	Technology	Imation 8gb Micro Traveldrive Usb 2.0 Flash Drive	30,00
61	17.06.2023	New York	OFF-BI-10001460	Office Supplies	Plastic Binding Combs	48,48
62	17.06.2023	New York	OFF-AR-10001868	Office Supplies	Prang Dustless Chalk Sticks	1,68
63	24.11.2022	California	TEC-AC-10004633	Technology	Verbatim 25 GB 6x Blu-ray Single Layer Recordable Disc, 3/Pack	13,98
64	24.11.2022	California	OFF-BI-10001078	Office Supplies	"Acco PRESSTEX Data Binder with Storage Hooks, Dark Blue, 14 7/8"" X 11"""	25,82
65	24.11.2022	California	OFF-PA-10003892	Office Supplies	Xerox 1943	146,73
66	24.11.2022	California	FUR-FU-10000397	Furniture	Luxo Economy Swing Arm Lamp	79,76
67	30.04.2022	Illinois	FUR-CH-10001146	Furniture	Global Value Mid-Back Manager's Chair, Gray	213,12
68	05.12.2021	Arizona	OFF-AR-10002671	Office Supplies	Hunt BOSTON Model 1606 High-Volume Electric Pencil Sharpener, Beige	1113,02
69	05.12.2021	Arizona	TEC-PH-10002726	Technology	netTALK DUO VoIP Telephone Service	167,97
70	04.06.2023	Virginia	OFF-PA-10000482	Office Supplies	Snap-A-Way Black Print Carbonless Ruled Speed Letter, Triplicate	75,88
71	18.09.2023	New York	OFF-BI-10004654	Office Supplies	Avery Binding System Hidden Tab Executive Style Index Sets	4,62
72	14.01.2024	Michigan	OFF-PA-10004675	Office Supplies	"Telephone Message Books with Fax/Mobile Section, 5 1/2"" x 3 3/16"""	19,05
73	26.04.2022	Tennessee	FUR-CH-10000513	Furniture	High-Back Leather Manager's Chair	831,94
74	26.04.2022	Tennessee	FUR-FU-10003708	Furniture	"Tenex Traditional Chairmats for Medium Pile Carpet, Standard Lip, 36"" x 48"""	97,04
75	26.04.2022	Tennessee	OFF-ST-10004123	Office Supplies	Safco Industrial Wire Shelving System	72,78
76	09.01.2024	Texas	OFF-BI-10004182	Office Supplies	Economy Binders	1,25
77	09.01.2024	Texas	FUR-FU-10000260	Furniture	"6"" Cubicle Wall Clock, Black"	9,71
78	09.01.2024	Texas	OFF-ST-10000615	Office Supplies	SimpliFile Personal File, Black Granite, 15w x 6-15/16d x 11-1/4h	27,24
79	26.11.2021	Texas	FUR-FU-10003194	Furniture	Eldon Expressions Desk Accessory, Wood Pencil Holder, Oak	19,30
80	12.06.2023	Alabama	OFF-AP-10002118	Office Supplies	"1.7 Cubic Foot Compact ""Cube"" Office Refrigerators"	208,16
81	12.06.2023	Alabama	OFF-BI-10002309	Office Supplies	Avery Heavy-Duty EZD  Binder With Locking Rings	16,74
82	12.10.2021	California	OFF-AR-10002053	Office Supplies	Premium Writing Pencils, Soft, #2 by Central Association for the Blind	14,90
83	12.10.2021	California	OFF-ST-10002370	Office Supplies	Sortfiler Multipurpose Personal File Organizer, Black	21,39
84	03.09.2022	North Carolina	OFF-EN-10000927	Office Supplies	Jet-Pak Recycled Peel 'N' Seal Padded Mailers	200,98
85	13.02.2024	Illinois	OFF-ST-10003656	Office Supplies	Safco Industrial Wire Shelving	230,38
86	28.02.2024	South Carolina	FUR-CH-10000863	Furniture	Novimex Swivel Fabric Task Chair	301,96
87	26.01.2024	Minnesota	TEC-AC-10001998	Technology	Logitech LS21 Speaker System - PC Multimedia - 2.1-CH - Wired	19,99
88	26.01.2024	Minnesota	OFF-LA-10000134	Office Supplies	Avery 511	6,16
89	05.04.2023	Texas	OFF-ST-10003442	Office Supplies	Eldon Portable Mobile Manager	158,37
90	17.09.2023	California	OFF-AR-10004930	Office Supplies	Turquoise Lead Holder with Pocket Clip	20,10
91	17.09.2023	California	TEC-PH-10004093	Technology	Panasonic Kx-TS550	73,58
92	17.09.2023	California	OFF-PA-10000304	Office Supplies	Xerox 1995	6,48
93	31.01.2022	Minnesota	OFF-PA-10003177	Office Supplies	Xerox 1999	12,96
94	31.01.2022	Minnesota	FUR-FU-10003799	Furniture	"Seth Thomas 13 1/2"" Wall Clock"	53,34
95	31.01.2022	Minnesota	OFF-BI-10002852	Office Supplies	Ibico Standard Transparent Covers	32,96
96	06.02.2024	Oregon	OFF-BI-10004738	Office Supplies	Flexible Leather- Look Classic Collection Ring Binder	5,68
97	09.02.2024	New York	FUR-FU-10000629	Furniture	9-3/4 Diameter Round Wall Clock	96,53
98	17.02.2024	California	OFF-BI-10001721	Office Supplies	Trimflex Flexible Post Binders	51,31
99	06.09.2023	Minnesota	OFF-AP-10000358	Office Supplies	Fellowes Basic Home/Office Series Surge Protectors	77,88
100	29.08.2023	Illinois	OFF-PA-10003256	Office Supplies	Avery Personal Creations Heavyweight Cards	64,62
101	29.08.2023	Illinois	TEC-AC-10001767	Technology	SanDisk Ultra 64 GB MicroSDHC Class 10 Memory Card	95,98
102	29.08.2023	Illinois	OFF-BI-10002609	Office Supplies	Avery Hidden Tab Dividers for Binding Systems	1,79
103	01.12.2023	Minnesota	OFF-PA-10004040	Office Supplies	Universal Premium White Copier/Laser Paper (20Lb. and 87 Bright)	23,92
104	13.11.2022	Colorado	TEC-AC-10001552	Technology	Logitech K350 2.4Ghz Wireless Keyboard	238,90
105	13.11.2022	Colorado	FUR-FU-10004006	Furniture	Deflect-o DuraMat Lighweight, Studded, Beveled Mat for Low Pile Carpeting	102,36
106	13.11.2022	Colorado	OFF-BI-10002794	Office Supplies	"Avery Trapezoid Ring Binder, 3"" Capacity, Black, 1040 sheets"	36,88
107	23.02.2024	North Carolina	TEC-AC-10003499	Technology	Memorex Mini Travel Drive 8 GB USB 2.0 Flash Drive	74,11
108	23.02.2024	North Carolina	TEC-PH-10002844	Technology	Speck Products Candyshell Flip Case	27,99
109	23.02.2024	North Carolina	OFF-AR-10000390	Office Supplies	Newell Chalk Holder	3,30
110	15.10.2022	Illinois	TEC-AC-10000844	Technology	Logitech Gaming G510s - Keyboard	339,96
111	25.01.2024	New York	FUR-FU-10001934	Furniture	Magnifier Swing Arm Lamp	41,96
112	03.11.2023	Iowa	OFF-AR-10000380	Office Supplies	Hunt PowerHouse Electric Pencil Sharpener, Blue	75,96
113	03.11.2023	Iowa	OFF-BI-10003981	Office Supplies	"Avery Durable Plastic 1"" Binders"	27,24
114	25.08.2021	Ohio	OFF-FA-10000621	Office Supplies	OIC Colored Binder Clips, Assorted Sizes	40,10
115	25.08.2021	Ohio	OFF-EN-10002600	Office Supplies	Redi-Strip #10 Envelopes, 4 1/8 x 9 1/2	4,72
116	25.08.2021	Ohio	OFF-PA-10004965	Office Supplies	Xerox 1921	23,98
117	25.08.2021	Ohio	OFF-EN-10002504	Office Supplies	Tyvek  Top-Opening Peel & Seel Envelopes, Plain White	130,46
118	02.03.2022	Washington	FUR-TA-10001768	Furniture	Hon Racetrack Conference Tables	787,53
119	05.04.2022	Tennessee	OFF-BI-10003650	Office Supplies	GBC DocuBind 300 Electric Binding Machine	157,79
120	12.06.2023	Delaware	FUR-FU-10002157	Furniture	Artistic Insta-Plaque	47,04
121	12.06.2023	Delaware	OFF-BI-10003910	Office Supplies	DXL Angle-View Binders with Locking Rings by Samsill	30,84
122	12.06.2023	Delaware	OFF-ST-10000777	Office Supplies	Companion Letter/Legal File, Black	226,56
123	12.06.2023	Delaware	OFF-EN-10002500	Office Supplies	Globe Weis Peel & Seel First Class Envelopes	115,02
124	12.06.2023	Delaware	TEC-PH-10003875	Technology	KLD Oscar II Style Snap-on Ultra Thin Side Flip Synthetic Leather Cover Case for HTC One HTC M7	68,04
125	26.12.2021	Texas	FUR-CH-10004063	Furniture	Global Deluxe High-Back Manager's Chair	600,56
126	20.09.2021	Illinois	FUR-TA-10004534	Furniture	Bevis 44 x 96 Conference Tables	617,70
127	05.02.2024	Arizona	OFF-BI-10003274	Office Supplies	Avery Durable Slant Ring Binders, No Labels	2,39
128	05.02.2024	Arizona	OFF-ST-10002974	Office Supplies	Trav-L-File Heavy-Duty Shuttle II, Black	243,99
129	06.11.2023	California	FUR-CH-10001146	Furniture	Global Task Chair, Black	81,42
130	06.11.2023	California	FUR-FU-10003773	Furniture	Eldon Cleatmat Plus Chair Mats for High Pile Carpets	238,56
131	02.02.2024	Ohio	TEC-PH-10002293	Technology	Anker 36W 4-Port USB Wall Charger Travel Power Adapter for iPhone 5s 5c 5	59,97
132	02.02.2024	Ohio	OFF-PA-10002377	Office Supplies	Xerox 1916	78,30
133	02.02.2024	Ohio	OFF-FA-10002780	Office Supplies	Staples	21,46
134	13.10.2023	California	OFF-PA-10001804	Office Supplies	Xerox 195	20,04
135	13.10.2023	California	OFF-PA-10001736	Office Supplies	Xerox 1880	35,44
136	13.10.2023	California	OFF-AR-10001149	Office Supplies	Sanford Colorific Colored Pencils, 12/Box	11,52
137	13.10.2023	California	OFF-FA-10002988	Office Supplies	Ideal Clamps	4,02
138	13.10.2023	California	OFF-BI-10004781	Office Supplies	GBC Wire Binding Strips	76,18
139	13.10.2023	California	OFF-SU-10001218	Office Supplies	Fiskars Softgrip Scissors	65,88
140	13.10.2023	California	FUR-FU-10001706	Furniture	Longer-Life Soft White Bulbs	43,12
141	05.09.2023	Pennsylvania	FUR-FU-10004848	Furniture	"Howard Miller 13-3/4"" Diameter Brushed Chrome Round Wall Clock"	82,80
142	18.01.2024	California	OFF-AR-10000940	Office Supplies	Newell 343	8,82
143	18.01.2024	California	OFF-EN-10004030	Office Supplies	Convenience Packs of Business Envelopes	10,86
144	18.01.2024	California	OFF-PA-10004327	Office Supplies	Xerox 1911	143,70
145	22.01.2024	Missouri	OFF-AP-10001058	Office Supplies	Sanyo 2.5 Cubic Foot Mid-Size Office Refrigerators	839,43
146	07.09.2022	California	OFF-ST-10003656	Office Supplies	Safco Industrial Wire Shelving	671,93
147	22.10.2021	Ohio	FUR-FU-10000521	Furniture	"Seth Thomas 14"" Putty-Colored Wall Clock"	93,89
148	05.12.2023	Wisconsin	TEC-PH-10000215	Technology	Plantronics Cordless Phone Headset with In-line Volume - M214C	384,45
149	05.12.2023	Wisconsin	TEC-PH-10001448	Technology	Anker Astro 15000mAh USB Portable Charger	149,97
150	05.12.2023	Wisconsin	FUR-CH-10000454	Furniture	Hon Deluxe Fabric Upholstered Stacking Chairs, Rounded Back	1951,84
151	05.12.2023	Wisconsin	OFF-BI-10002735	Office Supplies	GBC Prestige Therm-A-Bind Covers	171,55
152	13.03.2023	Arizona	OFF-AP-10000326	Office Supplies	Belkin 7 Outlet SurgeMaster Surge Protector with Phone Protection	157,92
153	13.03.2023	Arizona	TEC-PH-10001254	Technology	Jabra BIZ 2300 Duo QD Duo Corded Headset	203,18
154	31.05.2022	California	OFF-PA-10001950	Office Supplies	Southworth 25% Cotton Antique Laid Paper & Envelopes	58,38
155	31.05.2022	California	OFF-PA-10002254	Office Supplies	Xerox 1883	105,52
156	31.05.2022	California	OFF-ST-10001590	Office Supplies	Tenex Personal Project File with Scoop Front Design, Black	80,88
157	28.05.2022	Washington	OFF-AR-10001547	Office Supplies	Newell 311	6,63
158	01.03.2021	Washington	FUR-CH-10004063	Furniture	Global Deluxe High-Back Manager's Chair	457,57
159	20.11.2023	Oklahoma	OFF-LA-10002475	Office Supplies	Avery 519	14,62
160	20.11.2023	Oklahoma	TEC-PH-10004536	Technology	Avaya 5420 Digital phone	944,93
161	11.05.2023	California	OFF-PA-10002751	Office Supplies	Xerox 1920	5,98
162	28.12.2022	Pennsylvania	TEC-AC-10003657	Technology	Lenovo 17-Key USB Numeric Keypad	54,38
163	16.11.2023	New Mexico	OFF-EN-10001990	Office Supplies	Staple envelope	28,40
164	07.11.2023	Washington	OFF-BI-10004002	Office Supplies	Wilson Jones International Size A4 Ring Binders	27,68
165	08.09.2021	Texas	OFF-AR-10004441	Office Supplies	BIC Brite Liner Highlighters	9,94
166	08.09.2021	Texas	TEC-MA-10000822	Technology	Lexmark MX611dhe Monochrome Laser Printer	3259,95
167	08.09.2021	Texas	OFF-ST-10000991	Office Supplies	Space Solutions HD Industrial Steel Shelving.	275,93
168	08.09.2021	Texas	FUR-CH-10004287	Furniture	SAFCO Arco Folding Chair	1740,06
169	08.09.2021	Texas	OFF-AR-10002656	Office Supplies	Sanford Liquid Accent Highlighters	32,06
170	08.09.2021	Texas	OFF-AP-10002518	Office Supplies	Kensington 7 Outlet MasterPiece Power Center	177,98
171	08.09.2021	Texas	TEC-PH-10003931	Technology	JBL Micro Wireless Portable Bluetooth Speaker	143,98
172	05.08.2021	California	OFF-PA-10000659	Office Supplies	"Adams Phone Message Book, Professional, 400 Message Capacity, 5 3/6"" x 11"""	20,94
173	05.08.2021	California	OFF-PA-10001144	Office Supplies	Xerox 1913	110,96
174	05.08.2021	California	FUR-CH-10003817	Furniture	Global Value Steno Chair, Gray	340,14
175	14.09.2021	Illinois	OFF-AP-10000891	Office Supplies	Kensington 7 Outlet MasterPiece HOMEOFFICE Power Control Center	52,45
176	14.09.2021	Illinois	OFF-LA-10003148	Office Supplies	Avery 51	20,16
177	21.02.2024	Texas	OFF-AP-10002684	Office Supplies	Acco 7-Outlet Masterpiece Power Center, Wihtout Fax/Phone Line Protection	97,26
178	21.11.2022	Ohio	FUR-CH-10004698	Furniture	Padded Folding Chairs, Black, 4/Carton	396,80
179	21.11.2022	Ohio	OFF-SU-10002189	Office Supplies	Acme Rosewood Handle Letter Opener	15,88
180	15.12.2022	New York	OFF-AR-10001940	Office Supplies	Sanford Colorific Eraseable Coloring Pencils, 12 Count	3,28
181	05.12.2021	Illinois	OFF-ST-10003455	Office Supplies	Tenex File Box, Personal Filing Tote with Lid, Black	24,82
182	05.12.2021	Illinois	TEC-AC-10004659	Technology	Imation Secure+ Hardware Encrypted USB 2.0 Flash Drive; 16GB	408,74
183	19.11.2021	Louisiana	TEC-PH-10003273	Technology	AT&T TR1909W	503,96
184	19.11.2021	Louisiana	TEC-PH-10004896	Technology	Nokia Lumia 521 (T-Mobile)	149,95
185	19.11.2021	Louisiana	TEC-AC-10002345	Technology	HP Standard 104 key PS/2 Keyboard	29,00
186	28.11.2023	Connecticut	OFF-BI-10001890	Office Supplies	Avery Poly Binder Pockets	7,16
187	26.08.2021	California	TEC-AC-10002323	Technology	SanDisk Ultra 32 GB MicroSDHC Class 10 Memory Card	176,80
188	16.07.2023	Texas	OFF-ST-10001328	Office Supplies	Personal Filing Tote with Lid, Black/Gray	37,22
189	16.07.2023	Texas	OFF-PA-10001950	Office Supplies	Southworth 25% Cotton Antique Laid Paper & Envelopes	20,02
190	12.10.2022	New York	FUR-BO-10002613	Furniture	Atlantic Metals Mobile 4-Shelf Bookcases, Custom Colors	899,14
191	12.10.2022	New York	TEC-PH-10001552	Technology	I Need's 3d Hello Kitty Hybrid Silicone Case Cover for HTC One X 4g with 3d Hello Kitty Stylus Pen Green/pink	71,76
192	12.10.2022	New York	OFF-PA-10000061	Office Supplies	Xerox 205	51,84
193	12.10.2022	New York	FUR-BO-10002545	Furniture	Atlantic Metals Mobile 3-Shelf Bookcases, Custom Colors	626,35
194	12.10.2022	New York	OFF-AR-10003514	Office Supplies	4009 Highlighters by Sanford	19,90
195	31.10.2022	California	OFF-EN-10001509	Office Supplies	Poly String Tie Envelopes	14,28
196	21.03.2021	Ohio	OFF-AR-10004685	Office Supplies	Binney & Smith Crayola Metallic Colored Pencils, 8-Color Set	7,41
197	21.03.2021	Ohio	OFF-AR-10004027	Office Supplies	Binney & Smith inkTank Erasable Desk Highlighter, Chisel Tip, Yellow, 12/Box	6,05
198	06.02.2024	New Jersey	OFF-ST-10001414	Office Supplies	Decoflex Hanging Personal Folder File	46,26
199	06.02.2024	Pennsylvania	OFF-BI-10000343	Office Supplies	"Pressboard Covers with Storage Hooks, 9 1/2"" x 11"", Light Blue"	2,95
200	06.02.2024	Pennsylvania	OFF-PA-10002749	Office Supplies	Wirebound Message Books, 5-1/2 x 4 Forms, 2 or 4 Forms per Page	16,06
201	24.02.2024	Ohio	OFF-PA-10002666	Office Supplies	Southworth 25% Cotton Linen-Finish Paper & Envelopes	21,74
202	03.08.2021	Colorado	FUR-TA-10004289	Furniture	BoxOffice By Design Rectangular and Half-Moon Meeting Room Tables	218,75
203	03.08.2021	Colorado	OFF-AP-10003622	Office Supplies	Bravo II Megaboss 12-Amp Hard Body Upright, Replacement Belts, 2 Belts per Pack	2,60
204	17.01.2024	Texas	OFF-AP-10003217	Office Supplies	Eureka Sanitaire  Commercial Upright	66,28
205	03.02.2024	Tennessee	FUR-FU-10002960	Furniture	Eldon 200 Class Desk Accessories, Burgundy	35,17
206	09.01.2024	California	TEC-PH-10001918	Technology	Nortel Business Series Terminal T7208 Digital phone	444,77
207	01.01.2024	Michigan	OFF-ST-10000642	Office Supplies	Tennsco Lockers, Gray	83,92
208	01.01.2024	Michigan	TEC-PH-10001700	Technology	Panasonic KX-TG6844B Expandable Digital Cordless Telephone	131,98
209	01.01.2024	Michigan	OFF-BI-10003274	Office Supplies	Avery Durable Slant Ring Binders, No Labels	15,92
210	01.01.2024	Michigan	OFF-FA-10000134	Office Supplies	Advantus Push Pins, Aluminum Head	52,29
211	01.01.2024	Michigan	OFF-ST-10001522	Office Supplies	Gould Plastics 18-Pocket Panel Bin, 34w x 5-1/4d x 20-1/2h	91,99
212	09.02.2022	Texas	TEC-AC-10001266	Technology	Memorex Micro Travel Drive 8 GB	20,80
213	02.01.2022	Ohio	OFF-LA-10004544	Office Supplies	Avery 505	23,68
214	02.01.2022	Ohio	FUR-BO-10004695	Furniture	O'Sullivan 2-Door Barrister Bookcase in Odessa Pine	452,45
215	02.01.2022	Ohio	TEC-PH-10002844	Technology	Speck Products Candyshell Flip Case	62,98
216	02.01.2022	Ohio	TEC-MA-10000864	Technology	Cisco 9971 IP Video Phone Charcoal	1188,00
217	02.01.2022	Ohio	TEC-AC-10000109	Technology	Sony Micro Vault Click 16 GB USB 2.0 Flash Drive	89,58
218	28.10.2023	California	OFF-ST-10001328	Office Supplies	Personal Filing Tote with Lid, Black/Gray	93,06
219	28.10.2023	California	TEC-PH-10002563	Technology	Adtran 1202752G1	302,38
220	24.12.2022	Ohio	OFF-FA-10000585	Office Supplies	OIC Bulk Pack Metal Binder Clips	5,58
221	24.12.2022	Ohio	OFF-PA-10004000	Office Supplies	While You Were Out Pads, 50 per Pad, 4 x 5 1/4, Green Cycle	22,70
222	24.12.2022	Ohio	OFF-BI-10002852	Office Supplies	Ibico Standard Transparent Covers	19,78
223	24.12.2022	Ohio	FUR-FU-10000087	Furniture	"Executive Impressions 14"" Two-Color Numerals Wall Clock"	72,70
224	24.12.2022	Ohio	TEC-MA-10001148	Technology	Swingline SM12-08 MicroCut Jam Free Shredder	479,99
225	24.12.2022	Ohio	OFF-AR-10001958	Office Supplies	Stanley Bostitch Contemporary Electric Pencil Sharpeners	27,17
226	09.08.2022	Michigan	OFF-AR-10001026	Office Supplies	Sanford Uni-Blazer View Highlighters, Chisel Tip, Yellow	2,20
227	09.08.2022	Michigan	FUR-TA-10003748	Furniture	Bevis 36 x 72 Conference Tables	622,45
228	09.08.2022	Michigan	OFF-ST-10002485	Office Supplies	Rogers Deluxe File Chest	21,98
229	28.02.2022	Tennessee	FUR-CH-10004860	Furniture	Global Low Back Tilter Chair	161,57
230	28.02.2022	Tennessee	FUR-CH-10004477	Furniture	Global Push Button Manager's Chair, Indigo	389,70
231	13.09.2021	North Carolina	OFF-BI-10001679	Office Supplies	GBC Instant Index System for Binding Systems	18,65
232	07.02.2024	Florida	FUR-TA-10001705	Furniture	Bush Advantage Collection Round Conference Table	233,86
233	07.02.2024	Florida	FUR-TA-10003473	Furniture	Bretford Rectangular Conference Table Tops	620,61
234	07.02.2024	Florida	OFF-BI-10001679	Office Supplies	GBC Instant Index System for Binding Systems	5,33
235	07.02.2024	Florida	FUR-FU-10004017	Furniture	"Tenex Contemporary Contur Chairmats for Low and Medium Pile Carpet, Computer, 39"" x 49"""	258,07
236	07.02.2024	Florida	TEC-AC-10003832	Technology	Logitech P710e Mobile Speakerphone	617,98
237	12.02.2024	California	OFF-PA-10002479	Office Supplies	Xerox 4200 Series MultiUse Premium Copy Paper (20Lb. and 84 Bright)	10,56
238	04.06.2023	Illinois	OFF-PA-10003349	Office Supplies	Xerox 1957	25,92
239	04.06.2023	Illinois	FUR-FU-10000576	Furniture	Luxo Professional Fluorescent Magnifier Lamp with Clamp-Mount Base	419,68
240	04.06.2023	Illinois	FUR-FU-10004351	Furniture	Staple-based wall hangings	11,69
241	04.06.2023	Illinois	TEC-PH-10000011	Technology	PureGear Roll-On Screen Protector	31,98
242	04.06.2023	Illinois	FUR-TA-10002607	Furniture	KI Conference Tables	177,23
243	04.06.2023	Illinois	FUR-FU-10002505	Furniture	Eldon 100 Class Desk Accessories	4,04
244	04.06.2023	Illinois	OFF-AR-10004685	Office Supplies	Binney & Smith Crayola Metallic Colored Pencils, 8-Color Set	7,41
245	01.06.2021	Minnesota	FUR-CH-10004063	Furniture	Global Deluxe High-Back Manager's Chair	2001,86
246	01.06.2021	Minnesota	OFF-ST-10002276	Office Supplies	Safco Steel Mobile File Cart	166,72
247	01.06.2021	Minnesota	OFF-PA-10004082	Office Supplies	Adams Telephone Message Book w/Frequently-Called Numbers Space, 400 Messages per Book	47,88
248	01.06.2021	Minnesota	OFF-AP-10002945	Office Supplies	Honeywell Enviracaire Portable HEPA Air Cleaner for 17' x 22' Room	1503,25
249	01.06.2021	Minnesota	OFF-PA-10000061	Office Supplies	Xerox 205	25,92
250	10.12.2023	California	FUR-CH-10002965	Furniture	Global Leather Highback Executive Chair with Pneumatic Height Adjustment, Black	321,57
251	11.09.2023	California	OFF-PA-10004569	Office Supplies	"Wirebound Message Books, Two 4 1/4"" x 5"" Forms per Page"	7,61
252	11.09.2023	California	TEC-AC-10003832	Technology	Logitech P710e Mobile Speakerphone	3347,37
253	10.12.2023	New York	OFF-ST-10001228	Office Supplies	Fellowes Personal Hanging Folder Files, Navy	80,58
254	10.12.2023	New York	OFF-EN-10003296	Office Supplies	Tyvek Side-Opening Peel & Seel Expanding Envelopes	361,92
255	28.11.2022	Illinois	FUR-FU-10002505	Furniture	Eldon 100 Class Desk Accessories	12,13
256	28.11.2022	Illinois	OFF-ST-10004804	Office Supplies	"Belkin 19"" Vented Equipment Shelf, Black"	82,37
257	28.11.2022	Illinois	OFF-ST-10001590	Office Supplies	Tenex Personal Project File with Scoop Front Design, Black	53,92
258	28.11.2022	Illinois	TEC-PH-10001580	Technology	Logitech Mobile Speakerphone P710e - speaker phone	647,90
259	01.01.2024	New York	TEC-AC-10000290	Technology	Sabrent 4-Port USB 2.0 Hub	20,37
260	01.01.2024	New York	OFF-ST-10002790	Office Supplies	Safco Industrial Shelving	221,55
261	01.01.2024	New York	OFF-BI-10003460	Office Supplies	Acco 3-Hole Punch	17,52
262	08.02.2024	Texas	OFF-AP-10002203	Office Supplies	Eureka Disposable Bags for Sanitaire Vibra Groomer I Upright Vac	1,62
263	19.09.2021	Texas	TEC-MA-10000822	Technology	Lexmark MX611dhe Monochrome Laser Printer	3159,98
264	19.09.2021	Texas	TEC-MA-10003353	Technology	Xerox WorkCentre 6505DN Laser Multifunction Printer	2519,96
265	06.06.2023	Illinois	TEC-PH-10001433	Technology	Cisco Small Business SPA 502G VoIP phone	328,22
266	10.11.2022	California	TEC-AC-10004469	Technology	Microsoft Sculpt Comfort Mouse	79,90
267	16.02.2024	North Carolina	OFF-AR-10003602	Office Supplies	Quartet Omega Colored Chalk, 12/Pack	14,02
268	22.01.2023	New Jersey	OFF-FA-10003472	Office Supplies	Bagged Rubber Bands	7,56
269	09.01.2024	Ohio	OFF-ST-10004180	Office Supplies	Safco Commercial Shelving	37,21
270	09.01.2024	Ohio	OFF-EN-10004386	Office Supplies	Recycled Interoffice Envelopes with String and Button Closure, 10 x 13	57,58
271	28.01.2024	California	OFF-ST-10003208	Office Supplies	Adjustable Depth Letter/Legal Cart	725,84
272	30.07.2022	California	TEC-AC-10003628	Technology	Logitech 910-002974 M325 Wireless Mouse for Web Scrolling	209,93
273	30.07.2022	California	FUR-FU-10003274	Furniture	Regeneration Desk Collection	5,28
274	30.07.2022	California	OFF-BI-10002557	Office Supplies	Presstex Flexible Ring Binders	10,92
275	16.01.2024	California	OFF-PA-10002615	Office Supplies	"Ampad Gold Fibre Wirebound Steno Books, 6"" x 9"", Gregg Ruled"	8,82
276	16.01.2024	California	OFF-AR-10001427	Office Supplies	Newell 330	5,98
277	13.01.2024	Pennsylvania	OFF-PA-10000673	Office Supplies	"Post-it ""Important Message"" Note Pad, Neon Colors, 50 Sheets/Pad"	11,65
278	13.01.2024	Pennsylvania	OFF-PA-10004470	Office Supplies	"Adams Write n' Stick Phone Message Book, 11"" X 5 1/4"", 200 Messages"	18,18
279	13.01.2024	Pennsylvania	OFF-ST-10000876	Office Supplies	Eldon Simplefile Box Office	59,71
280	13.01.2024	Pennsylvania	OFF-LA-10002043	Office Supplies	Avery 489	24,84
281	26.09.2022	Texas	OFF-BI-10004967	Office Supplies	Round Ring Binders	2,08
282	26.09.2022	Texas	TEC-PH-10001760	Technology	Bose SoundLink Bluetooth Speaker	1114,40
283	02.11.2022	California	FUR-TA-10002903	Furniture	"Bevis Round Bullnose 29"" High Table Top"	1038,84
284	26.09.2022	Oregon	OFF-PA-10000474	Office Supplies	Easy-staple paper	141,76
285	26.09.2022	Oregon	TEC-AC-10001956	Technology	Microsoft Arc Touch Mouse	239,80
286	26.09.2022	Oregon	OFF-PA-10004100	Office Supplies	Xerox 216	31,10
287	18.12.2023	Florida	OFF-BI-10000778	Office Supplies	GBC VeloBinder Electric Binding Machine	254,06
288	18.12.2023	Florida	OFF-AP-10002684	Office Supplies	Acco 7-Outlet Masterpiece Power Center, Wihtout Fax/Phone Line Protection	194,53
289	18.12.2023	Florida	OFF-SU-10000646	Office Supplies	Premier Automatic Letter Opener	961,48
290	20.11.2023	Ohio	OFF-FA-10002983	Office Supplies	Advantus SlideClip Paper Clips	19,10
291	20.11.2023	Ohio	OFF-LA-10004689	Office Supplies	Avery 512	18,50
292	20.11.2023	Ohio	TEC-AC-10002001	Technology	Logitech Wireless Gaming Headset G930	255,98
293	20.11.2023	Ohio	FUR-BO-10004709	Furniture	Bush Westfield Collection Bookcases, Medium Cherry Finish	86,97
294	26.12.2021	Colorado	FUR-FU-10004091	Furniture	"Howard Miller 13"" Diameter Goldtone Round Wall Clock"	300,42
295	26.12.2021	Colorado	FUR-CH-10001891	Furniture	Global Deluxe Office Fabric Chairs	230,35
296	26.12.2021	Colorado	FUR-FU-10002918	Furniture	Eldon ClusterMat Chair Mat with Cordless Antistatic Protection	218,35
297	26.12.2021	Colorado	OFF-BI-10004593	Office Supplies	Ibico Laser Imprintable Binding System Covers	78,60
298	26.12.2021	Colorado	OFF-FA-10004854	Office Supplies	Vinyl Coated Wire Paper Clips in Organizer Box, 800/Box	27,55
299	28.10.2023	New Jersey	OFF-PA-10002105	Office Supplies	Xerox 223	32,40
300	28.10.2023	New Jersey	OFF-ST-10002756	Office Supplies	"Tennsco Stur-D-Stor Boltless Shelving, 5 Shelves, 24"" Deep, Sand"	1082,48
301	28.10.2023	New Jersey	OFF-PA-10004243	Office Supplies	Xerox 1939	56,91
302	28.10.2023	New Jersey	FUR-FU-10001861	Furniture	Floodlight Indoor Halogen Bulbs, 1 Bulb per Pack, 60 Watts	77,60
303	28.10.2023	New Jersey	OFF-BI-10002706	Office Supplies	Avery Premier Heavy-Duty Binder with Round Locking Rings	14,28
304	19.02.2024	Illinois	FUR-TA-10002533	Furniture	BPI Conference Tables	219,08
305	04.05.2022	New York	FUR-FU-10002671	Furniture	Electrix 20W Halogen Replacement Bulb for Zoom-In Desk Lamp	26,80
306	30.12.2021	Michigan	OFF-AR-10003651	Office Supplies	Newell 350	9,84
307	01.06.2021	New Jersey	OFF-BI-10001072	Office Supplies	GBC Clear Cover, 8-1/2 x 11, unpunched, 25 covers per pack	45,48
308	01.06.2021	New Jersey	OFF-AR-10002135	Office Supplies	Boston Heavy-Duty Trimline Electric Pencil Sharpeners	289,20
309	15.02.2024	Virginia	OFF-AR-10002804	Office Supplies	Faber Castell Col-Erase Pencils	4,89
310	12.09.2023	Colorado	FUR-FU-10001918	Furniture	C-Line Cubicle Keepers Polyproplyene Holder With Velcro Backings	15,14
311	12.09.2023	Colorado	FUR-CH-10004086	Furniture	Hon 4070 Series Pagoda Armless Upholstered Stacking Chairs	466,77
312	12.09.2023	Colorado	FUR-FU-10001756	Furniture	Eldon Expressions Desk Accessory, Wood Photo Frame, Mahogany	15,23
313	12.09.2023	Colorado	OFF-LA-10000634	Office Supplies	Avery 509	6,26
314	27.09.2021	New Jersey	FUR-FU-10001588	Furniture	Deflect-o SuperTray Unbreakable Stackable Tray, Letter, Black	87,54
315	09.08.2021	Florida	TEC-PH-10002398	Technology	AT&T 1070 Corded Phone	178,38
316	09.08.2021	Florida	OFF-PA-10001937	Office Supplies	Xerox 21	15,55
317	28.12.2021	Pennsylvania	OFF-AR-10003373	Office Supplies	Boston School Pro Electric Pencil Sharpener, 1670	99,14
318	04.11.2021	New York	FUR-CH-10002602	Furniture	DMI Arturo Collection Mission-style Design Wood Chair	135,88
319	04.11.2021	New York	TEC-MA-10002927	Technology	Canon imageCLASS MF7460 Monochrome Digital Laser Multifunction Copier	3991,98
320	04.11.2021	New York	TEC-PH-10004093	Technology	Panasonic Kx-TS550	275,94
321	04.11.2021	New York	TEC-AC-10000892	Technology	NETGEAR N750 Dual Band Wi-Fi Gigabit Router	360,00
322	04.11.2021	New York	OFF-ST-10002974	Office Supplies	Trav-L-File Heavy-Duty Shuttle II, Black	43,57
323	19.09.2021	California	OFF-FA-10000624	Office Supplies	OIC Binder Clips	7,16
324	23.04.2023	California	OFF-BI-10004593	Office Supplies	Ibico Laser Imprintable Binding System Covers	251,52
325	23.04.2023	California	TEC-AC-10001908	Technology	Logitech Wireless Headset h800	99,99
326	03.02.2024	Tennessee	FUR-FU-10001967	Furniture	Telescoping Adjustable Floor Lamp	15,99
327	30.08.2023	Pennsylvania	TEC-PH-10003645	Technology	Aastra 57i VoIP phone	290,90
328	30.08.2023	Pennsylvania	OFF-ST-10000675	Office Supplies	File Shuttle II and Handi-File, Black	54,22
329	30.08.2023	Pennsylvania	FUR-CH-10003312	Furniture	"Hon 2090 ""Pillow Soft"" Series Mid Back Swivel/Tilt Chairs"	786,74
330	30.08.2023	Pennsylvania	OFF-LA-10001074	Office Supplies	Round Specialty Laser Printer Labels	100,24
331	30.08.2023	Pennsylvania	OFF-BI-10001524	Office Supplies	GBC Premium Transparent Covers with Diagonal Lined Pattern	37,76
332	25.04.2023	Pennsylvania	TEC-PH-10004614	Technology	AT&T 841000 Phone	82,80
333	25.04.2023	Pennsylvania	OFF-BI-10001153	Office Supplies	Ibico Recycled Grain-Textured Covers	20,72
334	25.04.2023	Pennsylvania	OFF-BI-10001982	Office Supplies	Wilson Jones Custom Binder Spines & Labels	4,90
335	01.09.2022	California	OFF-BI-10001922	Office Supplies	Storex Dura Pro Binders	4,75
336	01.09.2022	California	TEC-CO-10001449	Technology	Hewlett Packard LaserJet 3310 Copier	959,98
337	01.09.2022	California	OFF-BI-10004140	Office Supplies	Avery Non-Stick Binders	14,37
338	12.07.2021	California	OFF-BI-10003314	Office Supplies	Tuff Stuff Recycled Round Ring Binders	7,71
339	12.07.2021	California	FUR-TA-10004575	Furniture	Hon 5100 Series Wood Tables	698,35
340	22.06.2022	Utah	OFF-FA-10000490	Office Supplies	"OIC Binder Clips, Mini, 1/4"" Capacity, Black"	4,96
341	13.04.2021	Pennsylvania	OFF-AR-10000122	Office Supplies	Newell 314	17,86
342	13.04.2021	Pennsylvania	OFF-BI-10003656	Office Supplies	Fellowes PB200 Plastic Comb Binding Machine	509,97
343	13.04.2021	Pennsylvania	OFF-FA-10002780	Office Supplies	Staples	30,99
344	13.04.2021	Pennsylvania	TEC-PH-10000702	Technology	"Square Credit Card Reader, 4 1/2"" x 4 1/2"" x 1"", White"	71,93
345	20.12.2022	Texas	OFF-ST-10000107	Office Supplies	Fellowes Super Stor/Drawer	88,80
346	15.02.2024	California	TEC-PH-10002293	Technology	Anker 36W 4-Port USB Wall Charger Travel Power Adapter for iPhone 5s 5c 5	47,98
347	08.02.2024	Massachusetts	OFF-AR-10004027	Office Supplies	Binney & Smith inkTank Erasable Desk Highlighter, Chisel Tip, Yellow, 12/Box	7,56
348	08.02.2024	Massachusetts	OFF-PA-10000249	Office Supplies	Easy-staple paper	24,56
349	08.02.2024	Massachusetts	OFF-AR-10001374	Office Supplies	BIC Brite Liner Highlighters, Chisel Tip	12,96
350	01.09.2023	New York	TEC-AC-10000290	Technology	Sabrent 4-Port USB 2.0 Hub	6,79
351	01.09.2023	New York	OFF-PA-10001970	Office Supplies	Xerox 1881	24,56
352	01.09.2023	New York	OFF-BI-10002160	Office Supplies	Acco Hanging Data Binders	3,05
353	01.09.2023	New York	OFF-PA-10001970	Office Supplies	Xerox 1881	49,12
354	01.09.2023	New York	OFF-BI-10004995	Office Supplies	GBC DocuBind P400 Electric Binding System	4355,17
355	08.04.2023	New York	FUR-BO-10002268	Furniture	Sauder Barrister Bookcases	388,70
356	08.04.2023	New York	OFF-EN-10001137	Office Supplies	#10 Gummed Flap White Envelopes, 100/Box	8,26
357	08.04.2023	New York	OFF-AR-10002399	Office Supplies	Dixon Prang Watercolor Pencils, 10-Color Set with Brush	17,04
358	08.04.2023	New York	OFF-PA-10002713	Office Supplies	"Adams Phone Message Book, 200 Message Capacity, 8 1/16"" x 11"""	34,40
359	23.04.2023	North Carolina	OFF-PA-10002666	Office Supplies	Southworth 25% Cotton Linen-Finish Paper & Envelopes	36,24
360	08.03.2024	Georgia	OFF-AP-10001124	Office Supplies	Belkin 8 Outlet SurgeMaster II Gold Surge Protector with Phone Protection	647,84
361	08.03.2024	Georgia	OFF-LA-10001158	Office Supplies	"Avery Address/Shipping Labels for Typewriters, 4"" x 2"""	20,70
362	25.01.2024	New York	OFF-LA-10001158	Office Supplies	"Avery Address/Shipping Labels for Typewriters, 4"" x 2"""	20,70
363	25.01.2024	New York	FUR-CH-10000785	Furniture	Global Ergonomic Managers Chair	488,65
364	25.01.2024	New York	OFF-AR-10003732	Office Supplies	Newell 333	5,56
365	25.01.2024	New York	FUR-FU-10000023	Furniture	Eldon Wave Desk Accessories	47,12
366	24.09.2021	California	OFF-ST-10001713	Office Supplies	Gould Plastics 9-Pocket Panel Bin, 18-3/8w x 5-1/4d x 20-1/2h, Black	211,96
367	21.10.2023	Connecticut	OFF-BI-10002412	Office Supplies	"Wilson Jones ""Snap"" Scratch Pad Binder Tool for Ring Binders"	23,20
368	21.10.2023	Connecticut	OFF-SU-10001225	Office Supplies	Staple remover	7,36
369	21.10.2023	Connecticut	OFF-ST-10002406	Office Supplies	Pizazz Global Quick File	104,79
370	21.10.2023	Connecticut	FUR-BO-10002545	Furniture	Atlantic Metals Mobile 3-Shelf Bookcases, Custom Colors	1043,92
371	29.02.2024	Texas	OFF-PA-10002036	Office Supplies	Xerox 1930	25,92
372	29.02.2024	Texas	OFF-ST-10002205	Office Supplies	File Shuttle I and Handi-File	53,42
373	23.07.2021	Arizona	OFF-BI-10001982	Office Supplies	Wilson Jones Custom Binder Spines & Labels	8,16
374	23.07.2021	Arizona	TEC-AC-10003911	Technology	NETGEAR AC1750 Dual Band Gigabit Smart WiFi Router	1023,94
375	23.07.2021	Arizona	OFF-AR-10000658	Office Supplies	Newell 324	9,24
376	23.07.2021	Arizona	TEC-AC-10002076	Technology	Microsoft Natural Keyboard Elite	479,04
377	28.09.2023	Illinois	OFF-PA-10003039	Office Supplies	Xerox 1960	99,14
378	27.02.2024	Massachusetts	FUR-TA-10004915	Furniture	"Office Impressions End Table, 20-1/2""H x 24""W x 20""D"	1488,42
379	28.04.2022	Texas	OFF-AP-10000696	Office Supplies	Holmes Odor Grabber	8,65
380	28.04.2022	Texas	OFF-ST-10003327	Office Supplies	Akro-Mils 12-Gallon Tote	23,83
381	28.04.2022	Texas	OFF-BI-10000309	Office Supplies	"GBC Twin Loop Wire Binding Elements, 9/16"" Spine, Black"	12,18
382	28.10.2023	California	OFF-PA-10004734	Office Supplies	Southworth Structures Collection	50,96
383	28.10.2023	California	OFF-BI-10002225	Office Supplies	"Square Ring Data Binders, Rigid 75 Pt. Covers, 11"" x 14-7/8"""	49,54
384	26.06.2022	Michigan	TEC-AC-10004708	Technology	Sony 32GB Class 10 Micro SDHC R40 Memory Card	41,90
385	27.11.2022	Florida	FUR-TA-10000617	Furniture	Hon Practical Foundations 30 x 60 Training Table, Light Gray/Charcoal	375,46
386	27.11.2022	Florida	TEC-AC-10002335	Technology	Logitech Media Keyboard K200	83,98
387	03.12.2022	Pennsylvania	TEC-MA-10001681	Technology	Lexmark MarkNet N8150 Wireless Print Server	482,34
388	03.12.2022	Pennsylvania	FUR-FU-10001935	Furniture	3M Hangers With Command Adhesive	2,96
389	24.11.2021	Ohio	OFF-AR-10004757	Office Supplies	Crayola Colored Pencils	2,62
390	11.01.2024	New York	OFF-BI-10000050	Office Supplies	Angle-D Binders with Locking Rings, Label Holders	23,36
391	11.01.2024	New York	TEC-AC-10001998	Technology	Logitech LS21 Speaker System - PC Multimedia - 2.1-CH - Wired	39,98
392	21.09.2021	Washington	TEC-PH-10003012	Technology	Nortel Meridian M3904 Professional Digital phone	246,38
393	21.09.2021	Washington	TEC-CO-10002313	Technology	Canon PC1080F Personal Copier	1799,97
394	07.06.2021	Illinois	OFF-BI-10003982	Office Supplies	Wilson Jones Century Plastic Molded Ring Binders	12,46
395	30.02.2024	Nevada	OFF-BI-10004492	Office Supplies	Tuf-Vin Binders	75,79
396	17.01.2024	Rhode Island	OFF-ST-10000798	Office Supplies	2300 Heavy-Duty Transfer File Systems by Perma	49,96
397	17.01.2024	Rhode Island	OFF-PA-10002552	Office Supplies	Xerox 1958	12,96
398	31.10.2022	Michigan	OFF-SU-10002573	Office Supplies	"Acme 10"" Easy Grip Assistive Scissors"	70,12
399	08.09.2023	Texas	OFF-ST-10001580	Office Supplies	Super Decoflex Portable Personal File	35,95
400	08.09.2023	Texas	FUR-BO-10004834	Furniture	Riverside Palais Royal Lawyers Bookcase, Royale Cherry Finish	2396,27
401	08.09.2023	Texas	OFF-ST-10000934	Office Supplies	"Contico 72""H Heavy-Duty Storage System"	131,14
402	08.09.2023	Texas	TEC-AC-10000158	Technology	Sony 64GB Class 10 Micro SDHC R40 Memory Card	57,58
403	24.12.2021	Florida	OFF-PA-10001947	Office Supplies	Xerox 1974	9,57
404	16.04.2021	North Carolina	OFF-AR-10003478	Office Supplies	Avery Hi-Liter EverBold Pen Style Fluorescent Highlighters, 4/Pack	39,07
405	24.01.2024	New York	OFF-AP-10004249	Office Supplies	Staple holder	35,91
406	08.01.2024	California	TEC-AC-10000158	Technology	Sony 64GB Class 10 Micro SDHC R40 Memory Card	179,95
407	08.01.2024	California	TEC-CO-10004115	Technology	Sharp AL-1530CS Digital Copier	1199,98
408	08.01.2024	California	OFF-PA-10003724	Office Supplies	Wirebound Message Book, 4 per Page	27,15
409	08.01.2024	California	FUR-TA-10002041	Furniture	Bevis Round Conference Table Top, X-Base	1004,02
410	08.01.2024	California	OFF-PA-10002893	Office Supplies	"Wirebound Service Call Books, 5 1/2"" x 4"""	9,68
411	08.01.2024	California	OFF-LA-10003766	Office Supplies	Self-Adhesive Removable Labels	28,35
412	08.01.2024	California	OFF-PA-10001970	Office Supplies	Xerox 1908	55,98
413	08.01.2024	California	FUR-BO-10001972	Furniture	O'Sullivan 4-Shelf Bookcase in Odessa Pine	1336,83
414	08.01.2024	California	FUR-CH-10003956	Furniture	Novimex High-Tech Fabric Mesh Task Chair	113,57
415	03.02.2024	Washington	OFF-PA-10000157	Office Supplies	Xerox 191	139,86
416	03.02.2024	Washington	FUR-CH-10001891	Furniture	Global Deluxe Office Fabric Chairs	307,14
417	24.02.2024	California	OFF-AR-10004344	Office Supplies	Bulldog Vacuum Base Pencil Sharpener	95,92
418	14.04.2023	California	FUR-CH-10004886	Furniture	Bevis Steel Folding Chairs	383,80
419	06.02.2024	Kentucky	OFF-PA-10003845	Office Supplies	Xerox 1987	5,78
420	04.03.2024	California	OFF-AR-10001573	Office Supplies	American Pencil	9,32
421	04.03.2024	California	OFF-EN-10000483	Office Supplies	White Envelopes, White Envelopes with Clear Poly Window	15,25
422	22.06.2021	Colorado	TEC-AC-10004114	Technology	KeyTronic 6101 Series - Keyboard - Black	196,75
423	19.01.2024	Massachusetts	FUR-FU-10004712	Furniture	Westinghouse Mesh Shade Clip-On Gooseneck Lamp, Black	56,56
424	19.01.2024	Massachusetts	OFF-ST-10000918	Office Supplies	Crate-A-Files	32,70
425	21.02.2024	Mississippi	FUR-CH-10000015	Furniture	Hon Multipurpose Stacking Arm Chairs	866,40
426	23.02.2024	Michigan	FUR-FU-10003347	Furniture	Coloredge Poster Frame	28,40
427	23.02.2024	Michigan	OFF-BI-10001543	Office Supplies	GBC VeloBinder Manual Binding System	287,92
428	12.09.2021	New York	TEC-MA-10000029	Technology	Epson WorkForce WF-2530 All-in-One Printer, Copier Scanner	69,99
429	01.01.2024	Texas	OFF-AR-10000369	Office Supplies	Design Ebony Sketching Pencil	6,67
430	15.04.2023	North Carolina	OFF-BI-10004584	Office Supplies	GBC ProClick 150 Presentation Binding System	189,59
431	15.04.2023	North Carolina	TEC-AC-10004659	Technology	Imation Secure+ Hardware Encrypted USB 2.0 Flash Drive; 16GB	408,74
432	15.04.2023	North Carolina	TEC-AC-10004659	Technology	Imation Secure+ Hardware Encrypted USB 2.0 Flash Drive; 16GB	291,96
433	15.04.2023	North Carolina	OFF-ST-10000617	Office Supplies	Woodgrain Magazine Files by Perma	4,77
434	06.06.2023	Massachusetts	OFF-ST-10003306	Office Supplies	Letter Size Cart	714,30
435	19.12.2021	Florida	OFF-BI-10000773	Office Supplies	Insertable Tab Post Binder Dividers	4,81
436	19.12.2021	Florida	TEC-AC-10002600	Technology	Belkin QODE FastFit Bluetooth Keyboard	247,80
437	12.06.2023	Illinois	TEC-MA-10002937	Technology	Canon Color ImageCLASS MF8580Cdw Wireless Laser All-In-One Printer, Copier, Scanner	1007,98
438	12.06.2023	Illinois	OFF-PA-10001970	Office Supplies	Xerox 1908	313,49
439	15.01.2024	Texas	OFF-PA-10002230	Office Supplies	Xerox 1897	31,87
440	20.01.2024	New York	FUR-CH-10003396	Furniture	Global Deluxe Steno Chair	207,85
441	05.09.2023	Michigan	FUR-FU-10000246	Furniture	Aluminum Document Frame	12,22
442	05.09.2023	Michigan	OFF-ST-10000060	Office Supplies	Fellowes Bankers Box Staxonsteel Drawer File/Stacking System	194,94
443	05.09.2023	Michigan	OFF-ST-10003058	Office Supplies	Eldon Mobile Mega Data Cart  Mega Stackable  Add-On Trays	70,95
444	05.09.2023	Michigan	OFF-PA-10002222	Office Supplies	"Xerox Color Copier Paper, 11"" x 17"", Ream"	91,36
445	05.09.2023	Michigan	FUR-CH-10002372	Furniture	Office Star - Ergonomically Designed Knee Chair	242,94
446	05.09.2023	Michigan	OFF-LA-10001317	Office Supplies	Avery 520	22,05
447	20.03.2024	Indiana	FUR-FU-10000206	Furniture	GE General Purpose, Extra Long Life, Showcase & Floodlight Incandescent Bulbs	2,91
448	01.04.2023	New York	OFF-AR-10000588	Office Supplies	Newell 345	59,52
449	01.04.2023	New York	OFF-ST-10001469	Office Supplies	Fellowes Bankers Box Recycled Super Stor/Drawer	161,94
450	01.04.2023	New York	OFF-AR-10001953	Office Supplies	Boston 1645 Deluxe Heavier-Duty Electric Pencil Sharpener	263,88
451	01.04.2023	New York	OFF-AR-10003156	Office Supplies	50 Colored Long Pencils	30,48
452	01.04.2023	New York	OFF-AR-10004974	Office Supplies	Newell 342	9,84
453	01.04.2023	New York	TEC-PH-10002365	Technology	Belkin Grip Candy Sheer Case / Cover for iPhone 5 and 5S	35,12
454	20.01.2024	Ohio	FUR-TA-10001539	Furniture	Chromcraft Rectangular Conference Tables	284,36
455	20.01.2024	Ohio	OFF-ST-10000142	Office Supplies	Deluxe Rollaway Locking File with Drawer	665,41
456	13.12.2023	Oklahoma	TEC-AC-10001772	Technology	Memorex Mini Travel Drive 16 GB USB 2.0 Flash Drive	63,88
457	12.02.2021	California	FUR-CH-10000225	Furniture	Global Geo Office Task Chair, Gray	129,57
458	26.09.2023	Illinois	FUR-CH-10002331	Furniture	Hon 4700 Series Mobuis Mid-Back Task Chairs with Adjustable Arms	747,56
459	26.09.2023	Illinois	OFF-EN-10001415	Office Supplies	Staple envelope	8,93
460	15.12.2022	Washington	OFF-AP-10002472	Office Supplies	3M Office Air Cleaner	103,92
461	15.12.2022	Washington	TEC-AC-10004571	Technology	Logitech G700s Rechargeable Gaming Mouse	899,91
462	15.12.2022	Washington	OFF-BI-10001098	Office Supplies	Acco D-Ring Binder w/DublLock	51,31
463	22.04.2023	Arizona	FUR-FU-10000023	Furniture	Eldon Wave Desk Accessories	23,56
464	22.04.2023	Arizona	FUR-TA-10001889	Furniture	Bush Advantage Collection Racetrack Conference Table	1272,63
465	22.04.2023	Arizona	OFF-BI-10000315	Office Supplies	Poly Designer Cover & Back	28,49
466	22.04.2023	Arizona	OFF-SU-10003505	Office Supplies	Premier Electric Letter Opener	185,38
467	22.04.2023	Arizona	OFF-AP-10002578	Office Supplies	Fellowes Premier Superior Surge Suppressor, 10-Outlet, With Phone and Remote	78,27
468	17.01.2022	Illinois	FUR-FU-10002918	Furniture	Eldon ClusterMat Chair Mat with Cordless Antistatic Protection	254,74
469	19.03.2024	Texas	FUR-BO-10002824	Furniture	Bush Mission Pointe Library	205,33
470	16.12.2023	Illinois	OFF-BI-10002194	Office Supplies	Cardinal Hold-It CD Pocket	4,79
471	20.12.2022	New York	OFF-PA-10004071	Office Supplies	Eaton Premium Continuous-Feed Paper, 25% Cotton, Letter Size, White, 1000 Shts/Box	55,48
472	09.11.2021	California	OFF-ST-10002743	Office Supplies	SAFCO Boltless Steel Shelving	340,92
473	09.11.2021	California	FUR-BO-10001601	Furniture	Sauder Mission Library with Doors, Fruitwood Finish	222,67
474	09.11.2021	California	TEC-PH-10002680	Technology	Samsung Galaxy Note 3	703,97
475	09.11.2021	California	OFF-ST-10001321	Office Supplies	Decoflex Hanging Personal Folder File, Blue	92,52
476	09.11.2021	California	OFF-PA-10001509	Office Supplies	"Recycled Desk Saver Line ""While You Were Out"" Book, 5 1/2"" X 4"""	62,65
477	09.11.2021	California	OFF-PA-10003465	Office Supplies	Xerox 1912	94,85
478	12.07.2023	California	TEC-PH-10000149	Technology	Cisco SPA525G2 IP Phone - Wireless	95,76
479	27.10.2023	New York	FUR-FU-10002671	Furniture	Electrix 20W Halogen Replacement Bulb for Zoom-In Desk Lamp	40,20
480	26.06.2023	New York	OFF-AR-10003045	Office Supplies	Prang Colored Pencils	14,70
481	26.06.2023	New York	OFF-ST-10000689	Office Supplies	Fellowes Strictly Business Drawer File, Letter/Legal Size	704,25
482	06.10.2021	California	TEC-AC-10001445	Technology	Imation USB 2.0 Swivel Flash Drive USB flash drive - 4 GB - Pink	9,09
483	22.07.2021	New York	OFF-AR-10002053	Office Supplies	Premium Writing Pencils, Soft, #2 by Central Association for the Blind	5,96
484	22.07.2021	New York	TEC-AC-10002567	Technology	Logitech G602 Wireless Gaming Mouse	159,98
485	10.02.2024	California	OFF-LA-10003923	Office Supplies	Alphabetical Labels for Top Tab Filing	29,60
486	10.02.2024	California	FUR-BO-10001337	Furniture	O'Sullivan Living Dimensions 2-Shelf Bookcases	514,17
487	10.02.2024	California	TEC-PH-10001924	Technology	iHome FM Clock Radio with Lightning Dock	279,96
488	29.10.2021	Illinois	TEC-PH-10001363	Technology	Apple iPhone 5S	2735,95
489	09.06.2021	Texas	TEC-PH-10000376	Technology	Square Credit Card Reader	7,99
490	09.06.2021	Texas	TEC-AC-10000303	Technology	Logitech M510 Wireless Mouse	63,98
491	09.06.2021	Texas	OFF-AR-10001953	Office Supplies	Boston 1645 Deluxe Heavier-Duty Electric Pencil Sharpener	70,37
492	14.09.2021	New York	OFF-ST-10001809	Office Supplies	Fellowes Officeware Wire Shelving	449,15
493	14.09.2021	New York	OFF-EN-10003845	Office Supplies	Colored Envelopes	11,07
494	09.05.2023	Washington	TEC-AC-10000991	Technology	Sony Micro Vault Click 8 GB USB 2.0 Flash Drive	93,98
495	18.03.2023	Tennessee	FUR-TA-10001857	Furniture	Balt Solid Wood Rectangular Table	189,88
496	27.12.2022	Arkansas	OFF-EN-10001434	Office Supplies	Strathmore #10 Envelopes, Ultimate White	105,42
497	25.07.2023	California	OFF-BI-10002498	Office Supplies	Clear Mylar Reinforcing Strips	119,62
498	25.07.2023	California	FUR-FU-10004864	Furniture	"Howard Miller 14-1/2"" Diameter Chrome Round Wall Clock"	255,76
499	25.07.2023	California	FUR-CH-10002602	Furniture	DMI Arturo Collection Mission-style Design Wood Chair	241,57
500	25.07.2023	California	FUR-FU-10000073	Furniture	Deflect-O Glasstique Clear Desk Accessories	69,30
501	30.05.2023	Colorado	OFF-BI-10001670	Office Supplies	Vinyl Sectional Post Binders	22,62
502	30.05.2023	Colorado	OFF-BI-10001658	Office Supplies	GBC Standard Therm-A-Bind Covers	14,95
503	30.05.2023	Colorado	FUR-CH-10001215	Furniture	Global Troy Executive Leather Low-Back Tilter	801,57
504	30.05.2023	Colorado	OFF-BI-10000831	Office Supplies	Storex Flexible Poly Binders with Double Pockets	2,38
505	30.05.2023	Colorado	OFF-PA-10000357	Office Supplies	White Dual Perf Computer Printout Paper, 2700 Sheets, 1 Part, Heavyweight, 20 lbs., 14 7/8 x 11	32,79
506	12.02.2024	New York	OFF-BI-10003274	Office Supplies	Avery Durable Slant Ring Binders, No Labels	15,92
507	16.03.2022	Georgia	OFF-AR-10001662	Office Supplies	Rogers Handheld Barrel Pencil Sharpener	2,74
508	16.03.2022	Georgia	OFF-AR-10003856	Office Supplies	Newell 344	8,34
509	16.03.2022	Georgia	OFF-ST-10001228	Office Supplies	Personal File Boxes with Fold-Down Carry Handle	46,74
510	16.03.2022	Georgia	OFF-BI-10003527	Office Supplies	Fellowes PB500 Electric Punch Plastic Comb Binding Machine with Manual Bind	6354,95
511	26.02.2024	Missouri	FUR-FU-10001290	Furniture	Executive Impressions Supervisor Wall Clock	126,30
512	26.02.2024	Missouri	TEC-AC-10002399	Technology	SanDisk Cruzer 32 GB USB Flash Drive	38,04
513	20.10.2023	Ohio	OFF-AR-10002053	Office Supplies	Premium Writing Pencils, Soft, #2 by Central Association for the Blind	7,15
514	21.01.2024	California	OFF-AR-10003811	Office Supplies	Newell 327	6,63
515	21.01.2024	California	OFF-AR-10001246	Office Supplies	Newell 317	5,88
516	22.01.2024	Montana	TEC-CO-10003237	Technology	Canon Image Class D660 Copier	2499,95
517	22.01.2024	Montana	OFF-ST-10004507	Office Supplies	Advantus Rolling Storage Box	51,45
518	22.01.2024	Montana	OFF-PA-10001667	Office Supplies	Great White Multi-Use Recycled Paper (20Lb. and 84 Bright)	11,96
519	22.01.2024	Montana	OFF-ST-10004459	Office Supplies	Tennsco Single-Tier Lockers	1126,02
520	22.03.2022	Texas	TEC-AC-10000171	Technology	Verbatim 25 GB 6x Blu-ray Single Layer Recordable Disc, 25/Pack	18,39
521	22.03.2022	Texas	OFF-ST-10000736	Office Supplies	Carina Double Wide Media Storage Towers in Natural & Black	129,57
522	22.03.2022	Texas	OFF-BI-10000285	Office Supplies	XtraLife ClearVue Slant-D Ring Binders by Cardinal	14,11
523	23.01.2024	Michigan	FUR-TA-10001857	Furniture	Balt Solid Wood Rectangular Table	210,98
524	21.05.2023	California	TEC-PH-10003555	Technology	Motorola HK250 Universal Bluetooth Headset	55,18
525	21.05.2023	California	TEC-AC-10003832	Technology	Imation 16GB Mini TravelDrive USB 2.0 Flash Drive	66,26
526	26.12.2022	Massachusetts	OFF-FA-10002815	Office Supplies	Staples	22,20
527	21.01.2024	Florida	FUR-CH-10003379	Furniture	Global Commerce Series High-Back Swivel/Tilt Chairs	683,95
528	21.01.2024	Florida	FUR-FU-10001756	Furniture	Eldon Expressions Desk Accessory, Wood Photo Frame, Mahogany	45,70
529	03.09.2022	Pennsylvania	OFF-ST-10004963	Office Supplies	Eldon Gobal File Keepers	36,34
530	03.09.2022	Pennsylvania	OFF-SU-10002881	Office Supplies	Martin Yale Chadless Opener Electric Letter Opener	666,25
531	03.09.2022	Pennsylvania	OFF-EN-10001335	Office Supplies	White Business Envelopes with Contemporary Seam, Recycled White Business Envelopes	52,51
532	07.11.2022	California	FUR-CH-10000595	Furniture	Safco Contoured Stacking Chairs	190,72
533	07.01.2024	California	FUR-FU-10000448	Furniture	Tenex Chairmats For Use With Carpeted Floors	47,94
534	29.05.2023	Alabama	TEC-PH-10000984	Technology	Panasonic KX-TG9471B	979,95
535	29.05.2023	Alabama	OFF-BI-10002557	Office Supplies	Presstex Flexible Ring Binders	22,75
536	10.07.2023	Arizona	OFF-ST-10001325	Office Supplies	Sterilite Officeware Hinged File Box	16,77
537	03.01.2024	Illinois	OFF-BI-10002429	Office Supplies	Premier Elliptical Ring Binder, Black	42,62
538	03.12.2022	New York	OFF-BI-10004528	Office Supplies	Cardinal Poly Pocket Divider Pockets for Ring Binders	10,75
539	07.12.2022	Kentucky	OFF-AP-10001271	Office Supplies	Eureka The Boss Cordless Rechargeable Stick Vac	152,94
540	07.12.2022	Kentucky	FUR-CH-10002647	Furniture	Situations Contoured Folding Chairs, 4/Set	283,92
541	01.02.2021	Wisconsin	TEC-AC-10001432	Technology	Enermax Aurora Lite Keyboard	468,90
542	14.07.2023	Arizona	TEC-PH-10002262	Technology	LG Electronics Tone+ HBS-730 Bluetooth Headset	380,86
543	18.12.2022	Ohio	OFF-ST-10001809	Office Supplies	Fellowes Officeware Wire Shelving	646,78
544	11.05.2021	Texas	TEC-AC-10001465	Technology	SanDisk Cruzer 64 GB USB Flash Drive	58,11
545	11.05.2021	Texas	TEC-PH-10002597	Technology	Xblue XB-1670-86 X16 Small Office Telephone - Titanium	100,79
546	11.05.2021	Texas	FUR-FU-10000723	Furniture	Deflect-o EconoMat Studded, No Bevel Mat for Low Pile Carpeting	66,11
547	19.02.2024	New York	OFF-BI-10000404	Office Supplies	Avery Printable Repositionable Plastic Tabs	41,28
548	19.02.2024	New York	OFF-PA-10002986	Office Supplies	Xerox 1898	13,36
549	15.11.2022	Illinois	OFF-ST-10000604	Office Supplies	Home/Office Personal File Carts	250,27
550	15.11.2022	Illinois	OFF-BI-10004738	Office Supplies	Flexible Leather- Look Classic Collection Ring Binder	11,36
551	15.11.2022	Illinois	OFF-SU-10001935	Office Supplies	Staple remover	8,72
552	15.04.2023	California	FUR-CH-10002024	Furniture	HON 5400 Series Task Chairs for Big and Tall	1121,57
553	11.01.2024	Florida	FUR-FU-10003039	Furniture	"Howard Miller 11-1/2"" Diameter Grantwood Wall Clock"	34,50
554	24.02.2024	Texas	OFF-FA-10004248	Office Supplies	Advantus T-Pin Paper Clips	10,82
555	29.02.2024	California	OFF-ST-10001780	Office Supplies	Tennsco 16-Compartment Lockers with Coat Rack	1295,78
556	03.03.2021	North Carolina	OFF-AR-10003560	Office Supplies	Zebra Zazzle Fluorescent Highlighters	19,46
557	10.06.2023	California	OFF-LA-10001297	Office Supplies	Avery 473	20,70
558	10.06.2023	California	FUR-TA-10004256	Furniture	"Bretford ""Just In Time"" Height-Adjustable Multi-Task Work Tables"	1335,68
559	10.06.2023	California	OFF-PA-10003441	Office Supplies	Xerox 226	32,40
560	20.02.2024	California	FUR-FU-10003347	Furniture	Coloredge Poster Frame	42,60
561	20.02.2024	California	OFF-BI-10000069	Office Supplies	GBC Prepunched Paper, 19-Hole, for Binding Systems, 24-lb	84,06
562	14.09.2021	Florida	OFF-AP-10003914	Office Supplies	Sanitaire Vibra Groomer IR Commercial Upright Vacuum, Replacement Belts	13,00
563	14.09.2021	Florida	FUR-FU-10004020	Furniture	Advantus Panel Wall Acrylic Frame	13,13
564	07.12.2022	Washington	OFF-FA-10003467	Office Supplies	Alliance Big Bands Rubber Bands, 12/Pack	3,96
565	07.12.2022	Washington	OFF-LA-10000634	Office Supplies	Avery 509	2,61
566	07.01.2024	California	TEC-PH-10002496	Technology	Cisco SPA301	374,38
567	01.01.2024	Washington	OFF-PA-10004530	Office Supplies	Personal Creations Ink Jet Cards and Labels	91,84
568	01.01.2024	Washington	OFF-BI-10001107	Office Supplies	GBC White Gloss Covers, Plain Front	81,09
569	01.01.2024	Washington	OFF-PA-10004451	Office Supplies	Xerox 222	19,44
570	01.01.2024	Washington	FUR-CH-10004997	Furniture	Hon Every-Day Series Multi-Task Chairs	451,15
571	28.01.2024	New York	OFF-LA-10001297	Office Supplies	Avery 473	72,45
572	28.01.2024	New York	OFF-FA-10000585	Office Supplies	OIC Bulk Pack Metal Binder Clips	13,96
573	28.01.2024	New York	OFF-BI-10001922	Office Supplies	Storex Dura Pro Binders	33,26
574	28.01.2024	New York	TEC-PH-10000347	Technology	Cush Cases Heavy Duty Rugged Cover Case for Samsung Galaxy S5 - Purple	14,85
575	03.11.2023	Washington	OFF-AR-10003394	Office Supplies	Newell 332	8,82
576	18.09.2022	California	OFF-PA-10004530	Office Supplies	Personal Creations Ink Jet Cards and Labels	160,72
577	18.09.2022	California	OFF-PA-10001450	Office Supplies	Rediform S.O.S. Phone Message Books	19,92
578	18.09.2022	California	OFF-SU-10001574	Office Supplies	Acme Value Line Scissors	7,30
579	20.02.2024	Illinois	OFF-ST-10002974	Office Supplies	Trav-L-File Heavy-Duty Shuttle II, Black	69,71
580	20.02.2024	Illinois	FUR-FU-10001475	Furniture	"Contract Clock, 14"", Brown"	8,79
581	10.09.2022	California	OFF-SU-10004498	Office Supplies	Martin-Yale Premier Letter Opener	51,52
582	01.01.2024	Colorado	TEC-PH-10004977	Technology	GE 30524EE4	470,38
583	01.01.2024	Colorado	TEC-PH-10000586	Technology	AT&T SB67148 SynJ	105,58
584	01.01.2024	Colorado	OFF-AP-10000358	Office Supplies	Fellowes Basic Home/Office Series Surge Protectors	31,15
585	01.01.2024	Colorado	OFF-BI-10002764	Office Supplies	Recycled Pressboard Report Cover with Reinforced Top Hinge	6,78
586	01.01.2024	Colorado	TEC-PH-10001254	Technology	Jabra BIZ 2300 Duo QD Duo Corded Headset	406,37
587	03.07.2022	Kentucky	FUR-CH-10003956	Furniture	Novimex High-Tech Fabric Mesh Task Chair	70,98
588	03.07.2022	Kentucky	OFF-LA-10003930	Office Supplies	Dot Matrix Printer Tape Reel Labels, White, 5000/Box	294,93
589	20.03.2023	Oregon	TEC-PH-10003800	Technology	i.Sound Portable Power - 8000 mAh	84,78
590	20.03.2023	Oregon	OFF-PA-10002005	Office Supplies	Xerox 225	20,74
591	20.03.2023	Oregon	OFF-BI-10002498	Office Supplies	Clear Mylar Reinforcing Strips	16,82
592	20.03.2023	Oregon	OFF-PA-10004101	Office Supplies	Xerox 1894	10,37
593	09.01.2021	Texas	OFF-AR-10004078	Office Supplies	Newell 312	9,34
594	09.01.2021	Texas	TEC-AC-10001266	Technology	Memorex Micro Travel Drive 8 GB	31,20
595	08.08.2021	California	OFF-AP-10004708	Office Supplies	Fellowes Superior 10 Outlet Split Surge Protector	76,12
596	08.08.2021	California	TEC-CO-10004115	Technology	Sharp AL-1530CS Digital Copier	1199,98
597	08.08.2021	California	TEC-PH-10002398	Technology	AT&T 1070 Corded Phone	445,96
598	08.08.2021	California	FUR-FU-10001979	Furniture	Dana Halogen Swing-Arm Architect Lamp	327,76
599	14.07.2023	Pennsylvania	OFF-SU-10004115	Office Supplies	Acme Stainless Steel Office Snips	11,63
600	16.07.2023	Pennsylvania	TEC-PH-10001425	Technology	Mophie Juice Pack Helium for iPhone	143,98
601	16.07.2023	Pennsylvania	TEC-PH-10003963	Technology	GE 2-Jack Phone Line Splitter	494,38
602	16.07.2023	Pennsylvania	OFF-SU-10001574	Office Supplies	Acme Value Line Scissors	5,84
603	15.03.2021	Florida	OFF-ST-10001490	Office Supplies	Hot File 7-Pocket, Floor Stand	142,78
604	15.03.2021	Florida	FUR-FU-10001756	Furniture	Eldon Expressions Desk Accessory, Wood Photo Frame, Mahogany	45,70
605	15.03.2021	Florida	OFF-BI-10000773	Office Supplies	Insertable Tab Post Binder Dividers	7,22
606	15.03.2021	Florida	OFF-BI-10001543	Office Supplies	GBC VeloBinder Manual Binding System	43,19
607	15.03.2021	Florida	OFF-PA-10002120	Office Supplies	Xerox 1889	131,90
608	23.05.2021	Pennsylvania	OFF-BI-10000848	Office Supplies	Angle-D Ring Binders	3,28
609	23.05.2021	Pennsylvania	OFF-AR-10001246	Office Supplies	Newell 317	21,17
610	23.05.2021	Pennsylvania	TEC-PH-10003092	Technology	Motorola L804	55,19
611	28.04.2023	Texas	TEC-PH-10003012	Technology	Nortel Meridian M3904 Professional Digital phone	369,58
612	28.04.2023	Texas	OFF-LA-10004345	Office Supplies	Avery 493	15,71
613	11.09.2023	Pennsylvania	OFF-PA-10001204	Office Supplies	Xerox 1972	8,45
614	11.09.2023	Pennsylvania	TEC-PH-10004667	Technology	Cisco 8x8 Inc. 6753i IP Business Phone System	728,95
615	14.02.2024	Ohio	TEC-PH-10000011	Technology	PureGear Roll-On Screen Protector	119,94
616	14.02.2024	Ohio	OFF-BI-10002949	Office Supplies	Prestige Round Ring Binders	3,65
617	18.02.2024	New York	FUR-FU-10003849	Furniture	DAX Metal Frame, Desktop, Stepped-Edge	40,48
618	18.02.2024	New York	FUR-FU-10000010	Furniture	DAX Value U-Channel Document Frames, Easel Back	9,94
619	18.02.2024	New York	OFF-BI-10002824	Office Supplies	Recycled Easel Ring Binders	107,42
620	18.02.2024	New York	TEC-PH-10002538	Technology	Grandstream GXP1160 VoIP phone	37,91
621	18.02.2024	New York	FUR-FU-10000521	Furniture	"Seth Thomas 14"" Putty-Colored Wall Clock"	88,02
622	26.12.2021	Illinois	OFF-BI-10002103	Office Supplies	Cardinal Slant-D Ring Binder, Heavy Gauge Vinyl	8,69
623	29.11.2022	Michigan	FUR-CH-10004853	Furniture	Global Manager's Adjustable Task Chair, Storm	301,96
624	29.11.2022	Michigan	OFF-AP-10000179	Office Supplies	Honeywell Enviracaire Portable HEPA Air Cleaner for up to 10 x 16 Room	555,21
625	29.11.2022	Michigan	OFF-ST-10001272	Office Supplies	Mini 13-1/2 Capacity Data Binder Rack, Pearl	523,48
626	29.11.2022	Michigan	OFF-AR-10004042	Office Supplies	BOSTON Model 1800 Electric Pencil Sharpeners, Putty/Woodgrain	161,82
627	15.01.2024	New York	FUR-FU-10000221	Furniture	Master Caster Door Stop, Brown	35,56
628	19.02.2024	Washington	OFF-AP-10001563	Office Supplies	Belkin Premiere Surge Master II 8-outlet surge protector	97,16
629	17.01.2024	California	OFF-BI-10000605	Office Supplies	"Acco Pressboard Covers with Storage Hooks, 9 1/2"" x 11"", Executive Red"	15,24
630	17.01.2024	California	OFF-PA-10002615	Office Supplies	"Ampad Gold Fibre Wirebound Steno Books, 6"" x 9"", Gregg Ruled"	13,23
631	11.12.2023	Colorado	OFF-ST-10001963	Office Supplies	Tennsco Regal Shelving Units	243,38
632	11.12.2023	Colorado	TEC-AC-10001267	Technology	Imation 32GB Pocket Pro USB 3.0 Flash Drive - 32 GB - Black - 1 P ...	119,80
633	11.12.2023	Colorado	TEC-PH-10002103	Technology	Jabra SPEAK 410	300,77
634	24.01.2024	Florida	TEC-AC-10002857	Technology	Verbatim 25 GB 6x Blu-ray Single Layer Recordable Disc, 1/Pack	17,88
635	24.01.2024	Florida	OFF-LA-10003930	Office Supplies	Dot Matrix Printer Tape Reel Labels, White, 5000/Box	235,94
636	04.10.2022	Georgia	FUR-CH-10001482	Furniture	Office Star - Mesh Screen back chair with Vinyl seat	392,94
637	15.08.2023	Colorado	OFF-BI-10001989	Office Supplies	Premium Transparent Presentation Covers by GBC	18,88
638	15.08.2023	Colorado	OFF-AP-10003287	Office Supplies	Tripp Lite TLP810NET Broadband Surge for Modem/Fax	122,33
639	20.05.2023	California	FUR-FU-10000576	Furniture	Luxo Professional Fluorescent Magnifier Lamp with Clamp-Mount Base	1049,20
640	20.05.2023	California	OFF-BI-10004728	Office Supplies	Wilson Jones Turn Tabs Binder Tool for Ring Binders	15,42
641	18.12.2023	Minnesota	FUR-FU-10000732	Furniture	Eldon 200 Class Desk Accessories	18,84
642	30.02.2024	California	OFF-ST-10000585	Office Supplies	Economy Rollaway Files	330,40
643	30.02.2024	California	OFF-LA-10002787	Office Supplies	Avery 480	26,25
644	10.02.2024	Michigan	TEC-AC-10003832	Technology	Imation 16GB Mini TravelDrive USB 2.0 Flash Drive	132,52
645	21.02.2024	New Jersey	OFF-PA-10001934	Office Supplies	Xerox 1993	6,48
646	30.01.2024	Indiana	OFF-AP-10002457	Office Supplies	Eureka The Boss Plus 12-Amp Hard Box Upright Vacuum, Red	209,30
647	01.04.2023	Arizona	OFF-FA-10003112	Office Supplies	Staples	31,56
648	01.04.2023	Arizona	OFF-AP-10002350	Office Supplies	Belkin F9H710-06 7 Outlet SurgeMaster Surge Protector	30,14
649	11.12.2023	Washington	FUR-FU-10001935	Furniture	3M Hangers With Command Adhesive	14,80
650	11.12.2023	Washington	TEC-PH-10003273	Technology	AT&T TR1909W	302,38
651	11.12.2023	Washington	TEC-AC-10001142	Technology	First Data FD10 PIN Pad	316,00
652	23.10.2023	New York	OFF-PA-10000482	Office Supplies	Snap-A-Way Black Print Carbonless Ruled Speed Letter, Triplicate	379,40
653	19.02.2024	New York	OFF-PA-10003892	Office Supplies	Xerox 1943	97,82
654	19.02.2024	New York	TEC-AC-10001101	Technology	Sony 16GB Class 10 Micro SDHC R40 Memory Card	103,12
655	22.08.2023	Ohio	OFF-AP-10002439	Office Supplies	Tripp Lite Isotel 8 Ultra 8 Outlet Metal Surge	113,55
656	22.08.2023	Ohio	OFF-BI-10002827	Office Supplies	Avery Durable Poly Binders	3,32
657	22.08.2023	Ohio	OFF-EN-10002230	Office Supplies	Airmail Envelopes	134,29
658	19.09.2023	Illinois	FUR-CH-10001215	Furniture	Global Troy Executive Leather Low-Back Tilter	701,37
659	19.09.2023	Illinois	OFF-BI-10004654	Office Supplies	Avery Binding System Hidden Tab Executive Style Index Sets	2,31
660	24.08.2022	Texas	OFF-ST-10001490	Office Supplies	Hot File 7-Pocket, Floor Stand	999,43
661	24.08.2022	Texas	OFF-ST-10001511	Office Supplies	Space Solutions Commercial Steel Shelving	724,08
662	24.08.2022	Texas	FUR-TA-10001768	Furniture	Hon Racetrack Conference Tables	918,79
663	24.08.2022	Texas	OFF-BI-10003981	Office Supplies	"Avery Durable Plastic 1"" Binders"	2,72
664	26.03.2023	New York	OFF-ST-10001522	Office Supplies	Gould Plastics 18-Pocket Panel Bin, 34w x 5-1/4d x 20-1/2h	459,95
665	04.11.2023	Kentucky	OFF-FA-10000621	Office Supplies	OIC Colored Binder Clips, Assorted Sizes	10,74
666	08.02.2024	Texas	OFF-SU-10004231	Office Supplies	Acme Tagit Stainless Steel Antibacterial Scissors	23,76
667	08.02.2024	Texas	OFF-PA-10000474	Office Supplies	Easy-staple paper	85,06
668	08.02.2024	Texas	TEC-PH-10004042	Technology	ClearOne Communications CHAT 70 OC Speaker Phone	381,58
669	24.12.2021	Ohio	FUR-FU-10003096	Furniture	Master Giant Foot Doorstop, Safety Yellow	30,36
670	09.02.2024	Illinois	FUR-FU-10002759	Furniture	12-1/2 Diameter Round Wall Clock	23,98
671	09.02.2024	Illinois	FUR-TA-10000688	Furniture	Chromcraft Bull-Nose Wood Round Conference Table Top, Wood Base	108,93
672	09.02.2024	Illinois	OFF-PA-10002377	Office Supplies	"Adams Telephone Message Book W/Dividers/Space For Phone Numbers, 5 1/4""X8 1/2"", 200/Messages"	36,35
673	15.02.2024	Illinois	OFF-AR-10001954	Office Supplies	Newell 331	19,56
674	05.01.2024	Indiana	OFF-AP-10004532	Office Supplies	Kensington 6 Outlet Guardian Standard Surge Protector	61,44
675	05.01.2024	Indiana	OFF-PA-10002137	Office Supplies	Southworth 100% Résumé Paper, 24lb.	38,90
676	05.01.2024	Indiana	TEC-AC-10003832	Technology	Imation 16GB Mini TravelDrive USB 2.0 Flash Drive	99,39
677	18.03.2024	Texas	OFF-AP-10000804	Office Supplies	Hoover Portapower Portable Vacuum	2,69
678	18.03.2024	Texas	TEC-AC-10003614	Technology	Verbatim 25 GB 6x Blu-ray Single Layer Recordable Disc, 10/Pack	27,82
679	18.03.2024	Texas	FUR-FU-10003553	Furniture	"Howard Miller 13-1/2"" Diameter Rosebrook Wall Clock"	82,52
680	18.03.2024	Texas	OFF-BI-10004632	Office Supplies	Ibico Hi-Tech Manual Binding System	182,99
681	19.11.2023	New York	OFF-BI-10003305	Office Supplies	Avery Hanging File Binders	14,35
682	19.11.2023	New York	OFF-ST-10002583	Office Supplies	Fellowes Neat Ideas Storage Cubes	64,96
683	19.11.2023	New York	OFF-ST-10004507	Office Supplies	Advantus Rolling Storage Box	68,60
684	04.02.2024	North Carolina	TEC-MA-10004125	Technology	Cubify CubeX 3D Printer Triple Head Print	7999,98
685	04.02.2024	North Carolina	OFF-AP-10002457	Office Supplies	Eureka The Boss Plus 12-Amp Hard Box Upright Vacuum, Red	167,44
686	05.07.2021	Mississippi	TEC-AC-10003911	Technology	NETGEAR AC1750 Dual Band Gigabit Smart WiFi Router	479,97
687	05.07.2021	Mississippi	OFF-LA-10001934	Office Supplies	Avery 516	14,62
688	05.07.2021	Mississippi	OFF-PA-10000304	Office Supplies	Xerox 1995	19,44
689	25.01.2024	New York	FUR-BO-10004015	Furniture	Bush Andora Bookcase, Maple/Graphite Gray Finish	191,98
690	21.06.2021	Virginia	FUR-FU-10004071	Furniture	Luxo Professional Magnifying Clamp-On Fluorescent Lamps	104,01
691	21.06.2021	Virginia	TEC-PH-10002033	Technology	Konftel 250 Conference phone - Charcoal black	284,82
692	21.06.2021	Virginia	OFF-ST-10002444	Office Supplies	Recycled Eldon Regeneration Jumbo File	36,84
693	28.03.2022	California	TEC-AC-10002253	Technology	Imation Bio 8GB USB Flash Drive Imation Corp	166,24
694	28.03.2022	California	OFF-PA-10000743	Office Supplies	Xerox 1977	33,40
695	14.05.2022	Pennsylvania	OFF-AR-10003373	Office Supplies	Boston School Pro Electric Pencil Sharpener, 1670	198,27
696	14.05.2022	Pennsylvania	OFF-LA-10002312	Office Supplies	Avery 490	47,36
697	14.05.2022	Pennsylvania	OFF-EN-10000927	Office Supplies	Jet-Pak Recycled Peel 'N' Seal Padded Mailers	200,98
698	14.05.2022	Pennsylvania	OFF-LA-10003510	Office Supplies	Avery 4027 File Folder Labels for Dot Matrix Printers, 5000 Labels per Box, White	97,70
699	14.05.2022	Pennsylvania	OFF-AR-10001118	Office Supplies	Binney & Smith Crayola Metallic Crayons, 16-Color Pack	2,70
700	14.05.2022	Pennsylvania	OFF-BI-10001575	Office Supplies	GBC Linen Binding Covers	18,59
701	14.05.2022	Pennsylvania	OFF-BI-10001982	Office Supplies	Wilson Jones Custom Binder Spines & Labels	4,90
702	02.01.2024	Ohio	FUR-FU-10002960	Furniture	Eldon 200 Class Desk Accessories, Burgundy	15,07
703	04.11.2023	Washington	FUR-FU-10003394	Furniture	"Tenex ""The Solids"" Textured Chair Mats"	209,88
704	09.04.2022	California	FUR-TA-10002774	Furniture	Laminate Occasional Tables	369,91
705	12.09.2021	North Carolina	OFF-PA-10001800	Office Supplies	Xerox 220	10,37
706	12.09.2021	North Carolina	OFF-AP-10001469	Office Supplies	Fellowes 8 Outlet Superior Workstation Surge Protector	166,84
707	12.09.2021	North Carolina	TEC-AC-10002399	Technology	SanDisk Cruzer 32 GB USB Flash Drive	15,22
708	02.12.2021	New York	TEC-AC-10003628	Technology	Logitech 910-002974 M325 Wireless Mouse for Web Scrolling	119,96
709	02.12.2021	New York	FUR-BO-10003272	Furniture	O'Sullivan Living Dimensions 5-Shelf Bookcases	883,92
710	02.12.2021	New York	OFF-BI-10000050	Office Supplies	Angle-D Binders with Locking Rings, Label Holders	46,72
711	05.04.2021	New York	OFF-PA-10004071	Office Supplies	Eaton Premium Continuous-Feed Paper, 25% Cotton, Letter Size, White, 1000 Shts/Box	55,48
712	03.01.2024	Florida	OFF-EN-10001219	Office Supplies	"#10- 4 1/8"" x 9 1/2"" Security-Tint Envelopes"	24,45
713	19.02.2024	New York	OFF-AP-10001154	Office Supplies	Bionaire Personal Warm Mist Humidifier/Vaporizer	281,34
714	19.02.2024	New York	TEC-PH-10003012	Technology	Nortel Meridian M3904 Professional Digital phone	307,98
715	19.02.2024	New York	TEC-AC-10001606	Technology	Logitech Wireless Performance Mouse MX for PC and Mac	299,97
716	01.07.2021	Washington	OFF-BI-10003355	Office Supplies	Cardinal Holdit Business Card Pockets	19,92
717	11.01.2021	Delaware	FUR-FU-10000010	Furniture	DAX Value U-Channel Document Frames, Easel Back	9,94
718	24.01.2024	Ohio	FUR-FU-10002253	Furniture	"Howard Miller 13"" Diameter Pewter Finish Round Wall Clock"	103,06
719	02.06.2021	Utah	OFF-BI-10001658	Office Supplies	GBC Standard Therm-A-Bind Covers	59,81
720	02.06.2021	Utah	FUR-FU-10000246	Furniture	Aluminum Document Frame	73,32
721	13.02.2023	California	OFF-PA-10004092	Office Supplies	Tops Green Bar Computer Printout Paper	146,82
722	15.12.2023	Michigan	FUR-TA-10000198	Furniture	Chromcraft Bull-Nose Wood Oval Conference Tables & Bases	1652,94
723	15.12.2023	Michigan	OFF-ST-10000036	Office Supplies	Recycled Data-Pak for Archival Bound Computer Printouts, 12-1/2 x 12-1/2 x 16	296,37
724	07.10.2021	Pennsylvania	FUR-FU-10000222	Furniture	"Seth Thomas 16"" Steel Case Clock"	129,92
725	07.07.2023	Florida	OFF-SU-10004664	Office Supplies	Acme Softgrip Scissors	45,58
726	16.01.2024	Texas	OFF-EN-10001141	Office Supplies	"Manila Recycled Extra-Heavyweight Clasp Envelopes, 6"" x 9"""	17,57
727	16.01.2024	Texas	TEC-PH-10002170	Technology	ClearSounds CSC500 Amplified Spirit Phone Corded phone	55,99
728	03.12.2023	New York	OFF-PA-10001954	Office Supplies	Xerox 1964	182,72
729	03.12.2023	New York	FUR-TA-10002228	Furniture	Bevis Traditional Conference Table Top, Plinth Base	400,03
730	03.12.2023	New York	OFF-ST-10004634	Office Supplies	Personal Folder Holder, Ebony	33,63
731	03.12.2023	New York	FUR-CH-10002965	Furniture	Global Leather Highback Executive Chair with Pneumatic Height Adjustment, Black	542,65
732	03.12.2023	New York	OFF-LA-10001317	Office Supplies	Avery 520	6,30
733	21.01.2024	Washington	OFF-ST-10000736	Office Supplies	Carina Double Wide Media Storage Towers in Natural & Black	242,94
734	21.01.2024	Washington	TEC-AC-10003610	Technology	Logitech Illuminated - Keyboard	179,97
735	21.01.2024	Washington	OFF-BI-10003982	Office Supplies	Wilson Jones Century Plastic Molded Ring Binders	99,70
736	21.01.2024	Washington	OFF-BI-10003291	Office Supplies	Wilson Jones Leather-Like Binders with DublLock Round Rings	27,94
737	21.01.2024	Washington	FUR-BO-10001619	Furniture	O'Sullivan Cherrywood Estates Traditional Bookcase	84,98
738	21.01.2024	Washington	OFF-BI-10000138	Office Supplies	Acco Translucent Poly Ring Binders	18,72
739	08.09.2021	California	TEC-AC-10001383	Technology	Logitech Wireless Touch Keyboard K400	49,98
740	04.01.2021	Illinois	OFF-LA-10003223	Office Supplies	Avery 508	11,78
741	05.01.2021	Illinois	OFF-ST-10002743	Office Supplies	SAFCO Boltless Steel Shelving	272,74
742	04.01.2021	Illinois	OFF-BI-10004094	Office Supplies	GBC Standard Plastic Binding Systems Combs	3,54
743	27.08.2023	Texas	OFF-SU-10004498	Office Supplies	Martin-Yale Premier Letter Opener	51,52
744	27.08.2023	Texas	OFF-PA-10002615	Office Supplies	"Ampad Gold Fibre Wirebound Steno Books, 6"" x 9"", Gregg Ruled"	3,53
745	27.08.2023	Texas	OFF-PA-10004971	Office Supplies	Xerox 196	4,62
746	27.08.2023	Texas	OFF-SU-10004261	Office Supplies	"Fiskars 8"" Scissors, 2/Pack"	55,17
747	27.05.2021	California	FUR-TA-10002607	Furniture	KI Conference Tables	567,12
748	27.05.2021	California	OFF-ST-10001809	Office Supplies	Fellowes Officeware Wire Shelving	359,32
749	20.03.2023	Illinois	TEC-PH-10000004	Technology	Belkin iPhone and iPad Lightning Cable	11,99
750	02.01.2024	Michigan	OFF-BI-10003638	Office Supplies	GBC Durable Plastic Covers	58,05
751	02.01.2024	Michigan	FUR-FU-10003577	Furniture	Nu-Dell Leatherette Frames	157,74
752	02.01.2024	Michigan	OFF-AR-10003478	Office Supplies	Avery Hi-Liter EverBold Pen Style Fluorescent Highlighters, 4/Pack	56,98
753	02.01.2024	Michigan	OFF-BI-10000546	Office Supplies	Avery Durable Binders	2,88
754	07.04.2023	California	TEC-CO-10002095	Technology	Hewlett Packard 610 Color Digital Copier / Printer	1199,98
755	07.12.2022	California	FUR-FU-10002759	Furniture	12-1/2 Diameter Round Wall Clock	79,92
756	18.09.2023	Florida	FUR-TA-10001095	Furniture	Chromcraft Round Conference Tables	383,44
757	29.12.2021	Minnesota	OFF-ST-10002444	Office Supplies	Recycled Eldon Regeneration Jumbo File	24,56
758	29.12.2021	Minnesota	TEC-AC-10001267	Technology	Imation 32GB Pocket Pro USB 3.0 Flash Drive - 32 GB - Black - 1 P ...	119,80
759	23.02.2024	New York	OFF-BI-10000848	Office Supplies	Angle-D Ring Binders	13,13
760	18.01.2024	Wisconsin	OFF-PA-10002377	Office Supplies	"Adams Telephone Message Book W/Dividers/Space For Phone Numbers, 5 1/4""X8 1/2"", 200/Messages"	22,72
761	31.08.2022	California	OFF-PA-10003441	Office Supplies	Xerox 226	58,32
762	03.02.2024	Georgia	OFF-LA-10004484	Office Supplies	Avery 476	12,39
763	08.02.2022	Ohio	TEC-PH-10003931	Technology	JBL Micro Wireless Portable Bluetooth Speaker	107,98
764	13.01.2021	Louisiana	OFF-EN-10001990	Office Supplies	Staple envelope	11,36
765	13.01.2021	Louisiana	OFF-EN-10001532	Office Supplies	Brown Kraft Recycled Envelopes	50,94
766	13.01.2021	Louisiana	TEC-AC-10003174	Technology	Plantronics S12 Corded Telephone Headset System	646,74
767	13.01.2021	Louisiana	OFF-BI-10004187	Office Supplies	3-ring staple pack	5,64
768	13.01.2021	Louisiana	OFF-ST-10000025	Office Supplies	Fellowes Stor/Drawer Steel Plus Storage Drawers	572,58
769	14.05.2021	Florida	FUR-FU-10004306	Furniture	Electrix Halogen Magnifier Lamp	310,88
770	19.05.2023	Virginia	FUR-CH-10003746	Furniture	Hon 4070 Series Pagoda Round Back Stacking Chairs	641,96
771	30.01.2024	Iowa	OFF-BI-10001036	Office Supplies	Cardinal EasyOpen D-Ring Binders	18,28
772	30.01.2024	Iowa	TEC-PH-10004614	Technology	AT&T 841000 Phone	207,00
773	30.01.2024	Iowa	OFF-BI-10000301	Office Supplies	GBC Instant Report Kit	32,35
774	30.01.2024	Iowa	OFF-BI-10003910	Office Supplies	DXL Angle-View Binders with Locking Rings by Samsill	7,71
775	30.01.2024	Iowa	OFF-AR-10004648	Office Supplies	Boston 19500 Mighty Mite Electric Pencil Sharpener	40,30
776	30.01.2024	Iowa	FUR-FU-10002597	Furniture	C-Line Magnetic Cubicle Keepers, Clear Polypropylene	34,58
777	29.06.2021	Ohio	OFF-AR-10003405	Office Supplies	Dixon My First Ticonderoga Pencil, #2	32,76
778	21.08.2022	California	FUR-CH-10002335	Furniture	Hon GuestStacker Chair	544,01
779	21.08.2022	California	OFF-PA-10000157	Office Supplies	Xerox 191	59,94
780	21.08.2022	California	OFF-PA-10001947	Office Supplies	Xerox 1974	23,92
781	21.08.2022	California	OFF-PA-10003657	Office Supplies	Xerox 1927	4,28
782	03.10.2022	Ohio	OFF-BI-10001098	Office Supplies	Acco D-Ring Binder w/DublLock	32,07
783	03.10.2022	Ohio	TEC-AC-10002167	Technology	Imation 8gb Micro Traveldrive Usb 2.0 Flash Drive	24,00
784	03.10.2022	Ohio	FUR-BO-10004409	Furniture	Safco Value Mate Series Steel Bookcases, Baked Enamel Finish on Steel, Gray	35,49
785	03.10.2022	Ohio	TEC-AC-10000057	Technology	Microsoft Natural Ergonomic Keyboard 4000	47,98
786	23.05.2022	South Carolina	OFF-EN-10000056	Office Supplies	Cameo Buff Policy Envelopes	186,69
787	17.03.2024	California	OFF-BI-10000014	Office Supplies	Heavy-Duty E-Z-D Binders	17,46
788	12.12.2022	California	FUR-CH-10004675	Furniture	Lifetime Advantage Folding Chairs, 4/Carton	348,93
789	26.06.2022	Virginia	OFF-BI-10001543	Office Supplies	GBC VeloBinder Manual Binding System	143,96
790	26.06.2022	Virginia	OFF-ST-10001321	Office Supplies	Decoflex Hanging Personal Folder File, Blue	15,42
791	26.06.2022	Virginia	OFF-BI-10001132	Office Supplies	"Acco PRESSTEX Data Binder with Storage Hooks, Dark Blue, 9 1/2"" X 11"""	43,04
792	26.06.2022	Virginia	FUR-CH-10003199	Furniture	Office Star - Contemporary Task Swivel Chair	332,94
793	20.05.2023	North Carolina	TEC-PH-10001530	Technology	Cisco Unified IP Phone 7945G VoIP phone	1363,96
794	20.09.2021	California	OFF-LA-10001569	Office Supplies	Avery 499	9,96
795	20.09.2021	California	OFF-PA-10003724	Office Supplies	Wirebound Message Book, 4 per Page	21,72
796	21.01.2024	Minnesota	OFF-BI-10000546	Office Supplies	Avery Durable Binders	20,16
797	24.12.2022	New York	OFF-PA-10000176	Office Supplies	Xerox 1887	132,79
798	24.12.2022	New York	OFF-PA-10002365	Office Supplies	Xerox 1967	12,96
799	24.12.2022	New York	OFF-LA-10002271	Office Supplies	Smead Alpha-Z Color-Coded Second Alphabetical Labels and Starter Set	21,56
800	27.11.2022	California	FUR-CH-10002647	Furniture	Situations Contoured Folding Chairs, 4/Set	283,92
801	20.02.2024	California	FUR-FU-10004090	Furniture	"Executive Impressions 14"" Contract Wall Clock"	22,23
802	20.02.2024	California	TEC-PH-10001580	Technology	Logitech Mobile Speakerphone P710e - speaker phone	215,97
803	18.08.2023	New York	OFF-AP-10000576	Office Supplies	Belkin 7 Outlet SurgeMaster II	355,32
804	12.03.2023	Louisiana	OFF-PA-10003953	Office Supplies	Xerox 218	12,96
805	22.02.2024	California	FUR-FU-10000794	Furniture	Eldon Stackable Tray, Side-Load, Legal, Smoke	18,28
806	01.11.2021	Colorado	OFF-AR-10001897	Office Supplies	Model L Table or Wall-Mount Pencil Sharpener	43,18
807	01.11.2021	Colorado	TEC-PH-10001795	Technology	ClearOne CHATAttach 160 - speaker phone	1983,97
808	03.02.2022	Nebraska	FUR-FU-10003347	Furniture	Coloredge Poster Frame	28,40
809	03.02.2022	Nebraska	TEC-AC-10004901	Technology	Kensington SlimBlade Notebook Wireless Mouse with Nano Receiver 	149,97
810	13.10.2021	Washington	OFF-AR-10003190	Office Supplies	Newell 32	11,52
811	02.05.2024	Montana	TEC-CO-10003237	Technology	Canon Image Class D660 Copier	3099,95
812	06.07.2024	Montana	TEC-CO-10003237	Technology	Canon Image Class D660 Copier	3090,0